Aaron_Sorkin_0001,Aaron_Sorkin
Aaron_Sorkin_0002,Aaron_Sorkin
Abdoulaye_Wade_0002,Abdoulaye_Wade
Abdoulaye_Wade_0003,Abdoulaye_Wade
Abdullah_Ahmad_Badawi_0001,Abdullah_Ahmad_Badawi
Abdullah_al-Attiyah_0001,Abdullah_al-Attiyah
Abdullah_Gul_0007,Abdullah_Gul
Abdullah_Gul_0008,Abdullah_Gul
Abdullah_Gul_0017,Abdullah_Gul
Abdullah_Gul_0018,Abdullah_Gul
Abel_Pacheco_0004,Abel_Pacheco
Abid_Hamid_Mahmud_Al-Tikriti_0001,Abid_Hamid_Mahmud_Al-Tikriti
Adam_Kennedy_0001,Adam_Kennedy
Adam_Mair_0001,Adam_Mair
Adel_Al-Jubeir_0002,Adel_Al-Jubeir
Adel_Al-Jubeir_0003,Adel_Al-Jubeir
Adrian_Annus_0001,Adrian_Annus
Adrian_Fernandez_0001,Adrian_Fernandez
Adrien_Brody_0001,Adrien_Brody
Adrien_Brody_0002,Adrien_Brody
Adrien_Brody_0011,Adrien_Brody
Adrien_Brody_0012,Adrien_Brody
Ahmed_Chalabi_0001,Ahmed_Chalabi
Ahmed_Chalabi_0002,Ahmed_Chalabi
Ahmet_Necdet_Sezer_0001,Ahmet_Necdet_Sezer
Ahmet_Necdet_Sezer_0002,Ahmet_Necdet_Sezer
Aidan_Quinn_0001,Aidan_Quinn
Aileen_Riggin_Soule_0001,Aileen_Riggin_Soule
Ajit_Agarkar_0001,Ajit_Agarkar
Akbar_Al_Baker_0001,Akbar_Al_Baker
Al_Cardenas_0001,Al_Cardenas
Al_Davis_0001,Al_Davis
Al_Gore_0008,Al_Gore
Al_Leiter_0001,Al_Leiter
Al_Sharpton_0006,Al_Sharpton
Al_Sharpton_0007,Al_Sharpton
Alan_Greenspan_0003,Alan_Greenspan
Alan_Greenspan_0004,Alan_Greenspan
Alan_Zemaitis_0001,Alan_Zemaitis
Alanis_Morissette_0001,Alanis_Morissette
Albert_Brooks_0001,Albert_Brooks
Albert_Costa_0001,Albert_Costa
Alberto_Acosta_0001,Alberto_Acosta
Alberto_Fujimori_0001,Alberto_Fujimori
Aldo_Paredes_0002,Aldo_Paredes
Alec_Baldwin_0001,Alec_Baldwin
Alejandro_Avila_0003,Alejandro_Avila
Alejandro_Fernandez_0001,Alejandro_Fernandez
Alejandro_Toledo_0005,Alejandro_Toledo
Alejandro_Toledo_0006,Alejandro_Toledo
Alejandro_Toledo_0015,Alejandro_Toledo
Alejandro_Toledo_0016,Alejandro_Toledo
Alejandro_Toledo_0025,Alejandro_Toledo
Alejandro_Toledo_0026,Alejandro_Toledo
Alejandro_Toledo_0035,Alejandro_Toledo
Alejandro_Toledo_0036,Alejandro_Toledo
Aleksander_Voloshin_0001,Aleksander_Voloshin
Alessandra_Cerna_0001,Alessandra_Cerna
Alex_Holmes_0001,Alex_Holmes
Alex_King_0001,Alex_King
Alexa_Loren_0001,Alexa_Loren
Alexa_Vega_0001,Alexa_Vega
Alexander_Lukashenko_0001,Alexander_Lukashenko
Alexander_Payne_0001,Alexander_Payne
Alexandra_Stevenson_0003,Alexandra_Stevenson
Alexandra_Vodjanikova_0001,Alexandra_Vodjanikova
Alfonso_Portillo_0001,Alfonso_Portillo
Alfonso_Soriano_0001,Alfonso_Soriano
Ali_Adbul_Karim_Madani_0001,Ali_Adbul_Karim_Madani
Ali_Ahmeti_0001,Ali_Ahmeti
Ali_Naimi_0002,Ali_Naimi
Ali_Naimi_0003,Ali_Naimi
Alicia_Keys_0001,Alicia_Keys
Alicia_Molik_0001,Alicia_Molik
Alison_Krauss_0001,Alison_Krauss
Alison_Lohman_0001,Alison_Lohman
Allison_Janney_0001,Allison_Janney
Allison_Janney_0002,Allison_Janney
Almeida_Baptista_0001,Almeida_Baptista
Alonzo_Mourning_0001,Alonzo_Mourning
Alvaro_Uribe_0002,Alvaro_Uribe
Alvaro_Uribe_0003,Alvaro_Uribe
Alvaro_Uribe_0012,Alvaro_Uribe
Alvaro_Uribe_0013,Alvaro_Uribe
Alvaro_Uribe_0022,Alvaro_Uribe
Alvaro_Uribe_0023,Alvaro_Uribe
Alvaro_Uribe_0032,Alvaro_Uribe
Alvaro_Uribe_0033,Alvaro_Uribe
Amanda_Bynes_0002,Amanda_Bynes
Amanda_Bynes_0003,Amanda_Bynes
Ambrose_Lee_0001,Ambrose_Lee
Amelia_Vega_0001,Amelia_Vega
Amelie_Mauresmo_0003,Amelie_Mauresmo
Amelie_Mauresmo_0004,Amelie_Mauresmo
Amelie_Mauresmo_0013,Amelie_Mauresmo
Amelie_Mauresmo_0014,Amelie_Mauresmo
Amer_al-Saadi_0002,Amer_al-Saadi
Amer_al-Saadi_0003,Amer_al-Saadi
Amy_Pascal_0001,Amy_Pascal
Amy_Redford_0001,Amy_Redford
Ana_Guevara_0006,Ana_Guevara
Ana_Guevara_0007,Ana_Guevara
Ana_Palacio_0008,Ana_Palacio
Ana_Paula_Gerard_0001,Ana_Paula_Gerard
Anders_Ebbeson_0003,Anders_Ebbeson
Anders_Fogh_Rasmussen_0001,Anders_Fogh_Rasmussen
Andre_Agassi_0005,Andre_Agassi
Andre_Agassi_0006,Andre_Agassi
Andre_Agassi_0015,Andre_Agassi
Andre_Agassi_0016,Andre_Agassi
Andre_Agassi_0025,Andre_Agassi
Andre_Agassi_0026,Andre_Agassi
Andre_Agassi_0035,Andre_Agassi
Andre_Agassi_0036,Andre_Agassi
Andreas_Vinciguerra_0001,Andreas_Vinciguerra
Andrei_Konchalovsky_0001,Andrei_Konchalovsky
Andrew_Bunner_0002,Andrew_Bunner
Andrew_Caldecott_0001,Andrew_Caldecott
Andrew_Niccol_0002,Andrew_Niccol
Andrew_Sabey_0001,Andrew_Sabey
Andy_Dick_0001,Andy_Dick
Andy_Garcia_0001,Andy_Garcia
Andy_Perez_0001,Andy_Perez
Andy_Roddick_0001,Andy_Roddick
Andy_Roddick_0010,Andy_Roddick
Andy_Roddick_0011,Andy_Roddick
AnFernce_Negron_0001,AnFernce_Negron
Angel_Lockward_0001,Angel_Lockward
Angela_Lansbury_0001,Angela_Lansbury
Angela_Lansbury_0002,Angela_Lansbury
Angelina_Jolie_0002,Angelina_Jolie
Angelina_Jolie_0003,Angelina_Jolie
Angelina_Jolie_0012,Angelina_Jolie
Angelina_Jolie_0013,Angelina_Jolie
Angelo_Reyes_0001,Angelo_Reyes
Angelo_Reyes_0002,Angelo_Reyes
Anita_DeFrantz_0001,Anita_DeFrantz
Anja_Paerson_0001,Anja_Paerson
Ann_Veneman_0005,Ann_Veneman
Ann_Veneman_0006,Ann_Veneman
Anna_Kournikova_0001,Anna_Kournikova
Anna_Kournikova_0002,Anna_Kournikova
Anna_Kournikova_0011,Anna_Kournikova
Anna_Kournikova_0012,Anna_Kournikova
Anne_McLellan_0001,Anne_McLellan
Anne_McLellan_0002,Anne_McLellan
Annette_Lu_0003,Annette_Lu
Annie-Jeanne_Reynaud_0001,Annie-Jeanne_Reynaud
Anthony_Fauci_0002,Anthony_Fauci
Anthony_Garotinho_0001,Anthony_Garotinho
Anthony_Pisciotti_0001,Anthony_Pisciotti
Anthony_Principi_0001,Anthony_Principi
Antonio_Banderas_0005,Antonio_Banderas
Antonio_Bernardo_0001,Antonio_Bernardo
Antonio_Palocci_0006,Antonio_Palocci
Antonio_Palocci_0007,Antonio_Palocci
Antwun_Echols_0001,Antwun_Echols
Anwar_Ibrahim_0001,Anwar_Ibrahim
Ari_Fleischer_0001,Ari_Fleischer
Ari_Fleischer_0002,Ari_Fleischer
Ari_Fleischer_0011,Ari_Fleischer
Ari_Fleischer_0012,Ari_Fleischer
Ariel_Sharon_0003,Ariel_Sharon
Ariel_Sharon_0004,Ariel_Sharon
Ariel_Sharon_0013,Ariel_Sharon
Ariel_Sharon_0014,Ariel_Sharon
Ariel_Sharon_0023,Ariel_Sharon
Ariel_Sharon_0024,Ariel_Sharon
Ariel_Sharon_0033,Ariel_Sharon
Ariel_Sharon_0034,Ariel_Sharon
Ariel_Sharon_0043,Ariel_Sharon
Ariel_Sharon_0044,Ariel_Sharon
Ariel_Sharon_0053,Ariel_Sharon
Ariel_Sharon_0054,Ariel_Sharon
Ariel_Sharon_0063,Ariel_Sharon
Ariel_Sharon_0064,Ariel_Sharon
Ariel_Sharon_0073,Ariel_Sharon
Ariel_Sharon_0074,Ariel_Sharon
Armando_Avila_Panchame_0001,Armando_Avila_Panchame
Armando_Calderon_Sol_0001,Armando_Calderon_Sol
Arnaud_Clement_0002,Arnaud_Clement
Arnaud_Lagardere_0001,Arnaud_Lagardere
Arnold_Schwarzenegger_0005,Arnold_Schwarzenegger
Arnold_Schwarzenegger_0006,Arnold_Schwarzenegger
Arnold_Schwarzenegger_0015,Arnold_Schwarzenegger
Arnold_Schwarzenegger_0016,Arnold_Schwarzenegger
Arnold_Schwarzenegger_0025,Arnold_Schwarzenegger
Arnold_Schwarzenegger_0026,Arnold_Schwarzenegger
Arnold_Schwarzenegger_0035,Arnold_Schwarzenegger
Arnold_Schwarzenegger_0036,Arnold_Schwarzenegger
Arnoldo_Aleman_0002,Arnoldo_Aleman
Arnoldo_Aleman_0003,Arnoldo_Aleman
Art_Hoffmann_0002,Art_Hoffmann
Art_Howe_0001,Art_Howe
Arturo_Gatti_0002,Arturo_Gatti
Arturo_Gatti_0003,Arturo_Gatti
Ashanti_0004,Ashanti
Ashanti_0005,Ashanti
Ashton_Kutcher_0003,Ashton_Kutcher
Asif_Ali_Zardari_0001,Asif_Ali_Zardari
Atal_Bihari_Vajpayee_0002,Atal_Bihari_Vajpayee
Atal_Bihari_Vajpayee_0003,Atal_Bihari_Vajpayee
Atal_Bihari_Vajpayee_0012,Atal_Bihari_Vajpayee
Atal_Bihari_Vajpayee_0013,Atal_Bihari_Vajpayee
Atal_Bihari_Vajpayee_0022,Atal_Bihari_Vajpayee
Atal_Bihari_Vajpayee_0023,Atal_Bihari_Vajpayee
Augustin_Calleri_0002,Augustin_Calleri
Augustin_Calleri_0003,Augustin_Calleri
Avril_Lavigne_0001,Avril_Lavigne
Azmi_Bishara_0001,Azmi_Bishara
Barbara_Becker_0001,Barbara_Becker
Barbara_Bodine_0001,Barbara_Bodine
Barbara_Walters_0002,Barbara_Walters
Barbara_Walters_0003,Barbara_Walters
Barry_Alvarez_0002,Barry_Alvarez
Barry_Bonds_0001,Barry_Bonds
Barry_Zito_0002,Barry_Zito
Bart_Freundlich_0001,Bart_Freundlich
Baz_Luhrmann_0001,Baz_Luhrmann
BB_King_0001,BB_King
Ben_Affleck_0003,Ben_Affleck
Ben_Affleck_0004,Ben_Affleck
Ben_Cohen_0001,Ben_Cohen
Ben_Curtis_0001,Ben_Curtis
Ben_Howland_0004,Ben_Howland
Ben_Kingsley_0001,Ben_Kingsley
Benedita_da_Silva_0001,Benedita_da_Silva
Benicio_Del_Toro_0001,Benicio_Del_Toro
Benjamin_Netanyahu_0004,Benjamin_Netanyahu
Benjamin_Netanyahu_0005,Benjamin_Netanyahu
Bernard_Landry_0004,Bernard_Landry
Bernard_Law_0001,Bernard_Law
Bernardo_Segura_0002,Bernardo_Segura
Bernice_Wong_0001,Bernice_Wong
Beth_Blough_0001,Beth_Blough
Beth_Jones_0001,Beth_Jones
Bianca_Jagger_0001,Bianca_Jagger
Bijan_Darvish_0001,Bijan_Darvish
Bill_Belichick_0001,Bill_Belichick
Bill_Belichick_0002,Bill_Belichick
Bill_Clancy_0001,Bill_Clancy
Bill_Clinton_0001,Bill_Clinton
Bill_Clinton_0010,Bill_Clinton
Bill_Clinton_0011,Bill_Clinton
Bill_Clinton_0020,Bill_Clinton
Bill_Clinton_0021,Bill_Clinton
Bill_Curry_0001,Bill_Curry
Bill_Doba_0001,Bill_Doba
Bill_Frist_0006,Bill_Frist
Bill_Frist_0007,Bill_Frist
Bill_Gates_0007,Bill_Gates
Bill_Gates_0008,Bill_Gates
Bill_Gates_0017,Bill_Gates
Bill_Graham_0001,Bill_Graham
Bill_Guerin_0001,Bill_Guerin
Bill_Herrion_0001,Bill_Herrion
Bill_McBride_0002,Bill_McBride
Bill_McBride_0003,Bill_McBride
Bill_Nelson_0002,Bill_Nelson
Bill_OReilly_0001,Bill_OReilly
Bill_Rainer_0001,Bill_Rainer
Bill_Readdy_0001,Bill_Readdy
Bill_Simon_0007,Bill_Simon
Bill_Simon_0008,Bill_Simon
Bill_Sizemore_0002,Bill_Sizemore
Bill_Stapleton_0001,Bill_Stapleton
Billy_Crystal_0002,Billy_Crystal
Billy_Crystal_0003,Billy_Crystal
Billy_Joel_0001,Billy_Joel
Billy_Rork_0001,Billy_Rork
Binyamin_Ben-Eliezer_0005,Binyamin_Ben-Eliezer
Binyamin_Ben-Eliezer_0006,Binyamin_Ben-Eliezer
Blythe_Hartley_0002,Blythe_Hartley
Bo_Pelini_0001,Bo_Pelini
Bob_Colvin_0001,Bob_Colvin
Bob_Colvin_0002,Bob_Colvin
Bob_Geldof_0002,Bob_Geldof
Bob_Goldman_0001,Bob_Goldman
Bob_Hayes_0001,Bob_Hayes
Bob_Herz_0001,Bob_Herz
Bob_Hope_0008,Bob_Hope
Bob_Huggins_0001,Bob_Huggins
Bob_Petrino_0001,Bob_Petrino
Bob_Riley_0001,Bob_Riley
Bob_Taft_0001,Bob_Taft
Bob_Wright_0001,Bob_Wright
Bode_Miller_0001,Bode_Miller
Bode_Miller_0002,Bode_Miller
Boris_Becker_0004,Boris_Becker
Boris_Becker_0005,Boris_Becker
Boutros_Boutros_Ghali_0001,Boutros_Boutros_Ghali
Brad_Alexander_Smith_0001,Brad_Alexander_Smith
Brad_Johnson_0002,Brad_Johnson
Brad_Johnson_0003,Brad_Johnson
Brajesh_Mishra_0001,Brajesh_Mishra
Brandon_Boyd_0001,Brandon_Boyd
Brandon_Spann_0001,Brandon_Spann
Brandon_Webb_0001,Brandon_Webb
Brendan_Gaughan_0001,Brendan_Gaughan
Brendan_Hansen_0001,Brendan_Hansen
Brian_Billick_0001,Brian_Billick
Brian_Campbell_0001,Brian_Campbell
Brian_Gregory_0001,Brian_Gregory
Brian_Griese_0001,Brian_Griese
Brian_Meadors_0001,Brian_Meadors
Brian_Mulroney_0001,Brian_Mulroney
Brian_Wells_0001,Brian_Wells
Brian_Wells_0002,Brian_Wells
Brigitte_Boisselier_0002,Brigitte_Boisselier
Britney_Spears_0001,Britney_Spears
Britney_Spears_0010,Britney_Spears
Britney_Spears_0011,Britney_Spears
Brooke_Gordon_0001,Brooke_Gordon
Brooke_Shields_0001,Brooke_Shields
Bruce_Springsteen_0004,Bruce_Springsteen
Bruce_Van_De_Velde_0001,Bruce_Van_De_Velde
Bryan_Cooley_0001,Bryan_Cooley
Bryan_Murray_0001,Bryan_Murray
Budd_Schulberg_0001,Budd_Schulberg
Buddy_Ryan_0001,Buddy_Ryan
Butch_Davis_0001,Butch_Davis
Butch_Davis_0002,Butch_Davis
Calista_Flockhart_0003,Calista_Flockhart
Calista_Flockhart_0004,Calista_Flockhart
Cameron_Diaz_0005,Cameron_Diaz
Cameron_Diaz_0006,Cameron_Diaz
Candice_Bergen_0002,Candice_Bergen
Candice_Bergen_0003,Candice_Bergen
Carl_Levin_0001,Carl_Levin
Carl_Pope_0001,Carl_Pope
Carla_Gugino_0001,Carla_Gugino
Carla_Moreno_0001,Carla_Moreno
Carlos_Alberto_0001,Carlos_Alberto
Carlos_Alberto_Parreira_0001,Carlos_Alberto_Parreira
Carlos_Ghosn_0001,Carlos_Ghosn
Carlos_Ghosn_0002,Carlos_Ghosn
Carlos_Menem_0003,Carlos_Menem
Carlos_Menem_0004,Carlos_Menem
Carlos_Menem_0013,Carlos_Menem
Carlos_Menem_0014,Carlos_Menem
Carlos_Mesa_0002,Carlos_Mesa
Carlos_Moya_0001,Carlos_Moya
Carlos_Moya_0010,Carlos_Moya
Carlos_Moya_0011,Carlos_Moya
Carlos_Ortega_0001,Carlos_Ortega
Carlos_Ortega_0002,Carlos_Ortega
Carlos_Ruiz_0003,Carlos_Ruiz
Carlos_Salinas_0001,Carlos_Salinas
Carly_Fiorina_0002,Carly_Fiorina
Carly_Fiorina_0003,Carly_Fiorina
Carol_Burnett_0002,Carol_Burnett
Carol_Carmody_0001,Carol_Carmody
Carolina_Moraes_0001,Carolina_Moraes
Carolina_Moraes_0002,Carolina_Moraes
Carolyn_Kuhl_0001,Carolyn_Kuhl
Carrie-Anne_Moss_0001,Carrie-Anne_Moss
Carson_Palmer_0002,Carson_Palmer
Carson_Palmer_0003,Carson_Palmer
Cate_Blanchett_0003,Cate_Blanchett
Cate_Blanchett_0004,Cate_Blanchett
Catherine_Woodard_0001,Catherine_Woodard
Catherine_Zeta-Jones_0001,Catherine_Zeta-Jones
Catherine_Zeta-Jones_0010,Catherine_Zeta-Jones
Catherine_Zeta-Jones_0011,Catherine_Zeta-Jones
Cecilia_Bolocco_0002,Cecilia_Bolocco
Cecilia_Bolocco_0003,Cecilia_Bolocco
Celine_Dion_0005,Celine_Dion
Celine_Dion_0006,Celine_Dion
Cesar_Gaviria_0003,Cesar_Gaviria
Cesar_Gaviria_0004,Cesar_Gaviria
Chakib_Khelil_0001,Chakib_Khelil
Chakib_Khelil_0002,Chakib_Khelil
Chanda_Rubin_0003,Chanda_Rubin
Chanda_Rubin_0004,Chanda_Rubin
Chante_Jawan_Mallard_0001,Chante_Jawan_Mallard
Charla_Moye_0001,Charla_Moye
Charles_Grassley_0002,Charles_Grassley
Charles_Holzner_0001,Charles_Holzner
Charles_Moose_0003,Charles_Moose
Charles_Moose_0004,Charles_Moose
Charles_Moose_0013,Charles_Moose
Charles_Pickering_0001,Charles_Pickering
Charles_Taylor_0003,Charles_Taylor
Charles_Taylor_0004,Charles_Taylor
Charlie_Garner_0001,Charlie_Garner
Charlie_Hunnam_0001,Charlie_Hunnam
Charlotte_Rampling_0001,Charlotte_Rampling
Charlotte_Rampling_0002,Charlotte_Rampling
Chea_Sophara_0001,Chea_Sophara
Chelsea_Clinton_0001,Chelsea_Clinton
Chen_Tsai-chin_0001,Chen_Tsai-chin
Cherie_Blair_0001,Cherie_Blair
Cheryl_Tiegs_0001,Cheryl_Tiegs
Chhouk_Rin_0001,Chhouk_Rin
Chistian_Stahl_0001,Chistian_Stahl
Chita_Rivera_0001,Chita_Rivera
Choi_Yun-yong_0001,Choi_Yun-yong
Chok_Tong_Goh_0001,Chok_Tong_Goh
Chris_Columbus_0001,Chris_Columbus
Chris_Cookson_0001,Chris_Cookson
Chris_Klein_0001,Chris_Klein
Chris_Kolanas_0001,Chris_Kolanas
Chris_Rock_0002,Chris_Rock
Chris_Simon_0001,Chris_Simon
Christian_Fittipaldi_0002,Christian_Fittipaldi
Christian_Gimenez_0001,Christian_Gimenez
Christian_Von_Wernich_0001,Christian_Von_Wernich
Christian_Wulff_0001,Christian_Wulff
Christine_Baumgartner_0001,Christine_Baumgartner
Christine_Baumgartner_0002,Christine_Baumgartner
Christine_Gregoire_0004,Christine_Gregoire
Christine_Rau_0001,Christine_Rau
Christopher_Conyers_0001,Christopher_Conyers
Christopher_Matero_0001,Christopher_Matero
Christopher_Walken_0001,Christopher_Walken
Christopher_Walken_0002,Christopher_Walken
Chuck_Bednarik_0001,Chuck_Bednarik
Chuck_Eidson_0001,Chuck_Eidson
Chung_Mong-joon_0002,Chung_Mong-joon
Chyung_Dai-chul_0001,Chyung_Dai-chul
Cindy_Taylor_0001,Cindy_Taylor
Cindy_Zagorski_0001,Cindy_Zagorski
Claire_De_Gryse_0001,Claire_De_Gryse
Claire_Hentzen_0001,Claire_Hentzen
Clara_Harris_0005,Clara_Harris
Clare_Latimer_0001,Clare_Latimer
Claudia_Coslovich_0001,Claudia_Coslovich
Claudia_Pechstein_0001,Claudia_Pechstein
Claudio_Abbado_0001,Claudio_Abbado
Claudio_Lopez_0001,Claudio_Lopez
Clemente_de_la_Vega_0001,Clemente_de_la_Vega
Cliff_Ellis_0001,Cliff_Ellis
Clint_Howard_0001,Clint_Howard
Clint_Lamebear_0001,Clint_Lamebear
Colin_Farrell_0002,Colin_Farrell
Colin_Farrell_0003,Colin_Farrell
Colin_Montgomerie_0001,Colin_Montgomerie
Colin_Montgomerie_0002,Colin_Montgomerie
Colin_Powell_0005,Colin_Powell
Colin_Powell_0006,Colin_Powell
Colin_Powell_0015,Colin_Powell
Colin_Powell_0016,Colin_Powell
Colin_Powell_0025,Colin_Powell
Colin_Powell_0026,Colin_Powell
Colin_Powell_0035,Colin_Powell
Colin_Powell_0036,Colin_Powell
Colin_Powell_0045,Colin_Powell
Colin_Powell_0046,Colin_Powell
Colin_Powell_0055,Colin_Powell
Colin_Powell_0056,Colin_Powell
Colin_Powell_0065,Colin_Powell
Colin_Powell_0066,Colin_Powell
Colin_Powell_0075,Colin_Powell
Colin_Powell_0076,Colin_Powell
Colin_Powell_0085,Colin_Powell
Colin_Powell_0086,Colin_Powell
Colin_Powell_0095,Colin_Powell
Colin_Powell_0096,Colin_Powell
Colin_Powell_0105,Colin_Powell
Colin_Powell_0106,Colin_Powell
Colin_Powell_0115,Colin_Powell
Colin_Powell_0116,Colin_Powell
Colin_Powell_0125,Colin_Powell
Colin_Powell_0126,Colin_Powell
Colin_Powell_0135,Colin_Powell
Colin_Powell_0136,Colin_Powell
Colin_Powell_0145,Colin_Powell
Colin_Powell_0146,Colin_Powell
Colin_Powell_0155,Colin_Powell
Colin_Powell_0156,Colin_Powell
Colin_Powell_0165,Colin_Powell
Colin_Powell_0166,Colin_Powell
Colin_Powell_0175,Colin_Powell
Colin_Powell_0176,Colin_Powell
Colin_Powell_0185,Colin_Powell
Colin_Powell_0186,Colin_Powell
Colin_Powell_0195,Colin_Powell
Colin_Powell_0196,Colin_Powell
Colin_Powell_0205,Colin_Powell
Colin_Powell_0206,Colin_Powell
Colin_Powell_0215,Colin_Powell
Colin_Powell_0216,Colin_Powell
Colin_Powell_0225,Colin_Powell
Colin_Powell_0226,Colin_Powell
Colin_Powell_0235,Colin_Powell
Colin_Powell_0236,Colin_Powell
Compay_Segundo_0001,Compay_Segundo
Conan_OBrien_0001,Conan_OBrien
Condoleezza_Rice_0003,Condoleezza_Rice
Condoleezza_Rice_0004,Condoleezza_Rice
Connie_Freydell_0001,Connie_Freydell
Conrad_Black_0001,Conrad_Black
Cori_Enghusen_0001,Cori_Enghusen
Corinna_Harfouch_0001,Corinna_Harfouch
Costas_Simitis_0005,Costas_Simitis
Costas_Simitis_0006,Costas_Simitis
Craig_Morgan_0001,Craig_Morgan
Craig_OClair_0001,Craig_OClair
Cristina_Saralegui_0001,Cristina_Saralegui
Cristina_Saralegui_0002,Cristina_Saralegui
Curtis_Joseph_0001,Curtis_Joseph
Curtis_Rodriguez_0001,Curtis_Rodriguez
Dai_Chul_Chyung_0001,Dai_Chul_Chyung
Daisy_Fuentes_0001,Daisy_Fuentes
Dale_Earnhardt_Jr_0001,Dale_Earnhardt_Jr
Dale_Earnhardt_Jr_0002,Dale_Earnhardt_Jr
Dan_Ackroyd_0001,Dan_Ackroyd
Dan_Bartlett_0001,Dan_Bartlett
Dan_Morales_0001,Dan_Morales
Dan_Morales_0002,Dan_Morales
DAngelo_Jimenez_0001,DAngelo_Jimenez
Daniel_Barenboim_0001,Daniel_Barenboim
Daniel_Kurtzer_0001,Daniel_Kurtzer
Daniel_Montenegro_0001,Daniel_Montenegro
Daniel_Radcliffe_0004,Daniel_Radcliffe
Daniel_Rouse_0001,Daniel_Rouse
Daniell_Sunjata_0001,Daniell_Sunjata
Danielle_Spencer_0001,Danielle_Spencer
Darcy_Regier_0001,Darcy_Regier
Darin_Erstad_0001,Darin_Erstad
Darrell_Issa_0002,Darrell_Issa
Darrell_Porter_0001,Darrell_Porter
Daryl_Hannah_0001,Daryl_Hannah
Daryl_Hannah_0002,Daryl_Hannah
Dave_Johnson_0001,Dave_Johnson
Dave_Lewis_0001,Dave_Lewis
Dave_Tucker_0001,Dave_Tucker
Dave_Wannstedt_0001,Dave_Wannstedt
David_Arquette_0001,David_Arquette
David_Ballantyne_0001,David_Ballantyne
David_Beckham_0009,David_Beckham
David_Beckham_0010,David_Beckham
David_Beckham_0019,David_Beckham
David_Beckham_0020,David_Beckham
David_Beckham_0029,David_Beckham
David_Beckham_0030,David_Beckham
David_Brinkley_0001,David_Brinkley
David_Brown_0001,David_Brown
David_Collenette_0001,David_Collenette
David_Coulthard_0001,David_Coulthard
David_Duval_0001,David_Duval
David_Eldon_0001,David_Eldon
David_Heymann_0002,David_Heymann
David_Heymann_0003,David_Heymann
David_Hyde_Pierce_0004,David_Hyde_Pierce
David_Kelley_0001,David_Kelley
David_Modell_0001,David_Modell
David_Montoya_0001,David_Montoya
David_Nalbandian_0007,David_Nalbandian
David_Nalbandian_0008,David_Nalbandian
David_Provost_0001,David_Provost
David_Przybyszewski_0001,David_Przybyszewski
David_Stern_0001,David_Stern
David_Stern_0002,David_Stern
David_Trimble_0004,David_Trimble
David_Trimble_0005,David_Trimble
David_Westerfield_0001,David_Westerfield
David_Wolf_0001,David_Wolf
Dean_Barkley_0003,Dean_Barkley
Dean_Barkley_0004,Dean_Barkley
Debra_Brown_0001,Debra_Brown
Debra_Brown_0002,Debra_Brown
Deepa_Mehta_0001,Deepa_Mehta
Della_Clara_0001,Della_Clara
Denis_Coderre_0001,Denis_Coderre
Denis_Fassou-Nguesso_0001,Denis_Fassou-Nguesso
Dennis_Franchione_0001,Dennis_Franchione
Dennis_Hastert_0001,Dennis_Hastert
Dennis_Kucinich_0001,Dennis_Kucinich
Dennis_Kucinich_0002,Dennis_Kucinich
Dennis_Powell_0002,Dennis_Powell
Denys_Arcand_0001,Denys_Arcand
Derek_Jeter_0001,Derek_Jeter
Derek_Jeter_0002,Derek_Jeter
Derrick_Rodgers_0001,Derrick_Rodgers
Derrick_Taylor_0001,Derrick_Taylor
Dexter_Jackson_0002,Dexter_Jackson
Diana_Krall_0001,Diana_Krall
Diana_Renee_Valdivieso_Dubon_0001,Diana_Renee_Valdivieso_Dubon
Diana_Ross_0001,Diana_Ross
Dianne_Feinstein_0001,Dianne_Feinstein
Dianne_Feinstein_0002,Dianne_Feinstein
Dick_Cheney_0005,Dick_Cheney
Dick_Cheney_0006,Dick_Cheney
Dick_Clark_0001,Dick_Clark
Dick_Clark_0002,Dick_Clark
Dick_Vermeil_0002,Dick_Vermeil
Didier_Defago_0001,Didier_Defago
Dinah_Turner_0001,Dinah_Turner
Dino_de_Laurentis_0001,Dino_de_Laurentis
Dita_Von_Tesse_0001,Dita_Von_Tesse
Djabir_Said-Guerni_0001,Djabir_Said-Guerni
Dominik_Garcia-Lorido_0002,Dominik_Garcia-Lorido
Dominik_Hrbaty_0001,Dominik_Hrbaty
Dominique_de_Villepin_0009,Dominique_de_Villepin
Dominique_de_Villepin_0010,Dominique_de_Villepin
Don_Flanagan_0001,Don_Flanagan
Don_Henley_0001,Don_Henley
Don_Siegelman_0002,Don_Siegelman
Don_Siegelman_0003,Don_Siegelman
Donald_Fehr_0004,Donald_Fehr
Donald_Hays_0001,Donald_Hays
Donald_Rumsfeld_0003,Donald_Rumsfeld
Donald_Rumsfeld_0004,Donald_Rumsfeld
Donald_Rumsfeld_0013,Donald_Rumsfeld
Donald_Rumsfeld_0014,Donald_Rumsfeld
Donald_Rumsfeld_0023,Donald_Rumsfeld
Donald_Rumsfeld_0024,Donald_Rumsfeld
Donald_Rumsfeld_0033,Donald_Rumsfeld
Donald_Rumsfeld_0034,Donald_Rumsfeld
Donald_Rumsfeld_0043,Donald_Rumsfeld
Donald_Rumsfeld_0044,Donald_Rumsfeld
Donald_Rumsfeld_0053,Donald_Rumsfeld
Donald_Rumsfeld_0054,Donald_Rumsfeld
Donald_Rumsfeld_0063,Donald_Rumsfeld
Donald_Rumsfeld_0064,Donald_Rumsfeld
Donald_Rumsfeld_0073,Donald_Rumsfeld
Donald_Rumsfeld_0074,Donald_Rumsfeld
Donald_Rumsfeld_0083,Donald_Rumsfeld
Donald_Rumsfeld_0084,Donald_Rumsfeld
Donald_Rumsfeld_0093,Donald_Rumsfeld
Donald_Rumsfeld_0094,Donald_Rumsfeld
Donald_Rumsfeld_0103,Donald_Rumsfeld
Donald_Rumsfeld_0104,Donald_Rumsfeld
Donald_Rumsfeld_0113,Donald_Rumsfeld
Donald_Rumsfeld_0114,Donald_Rumsfeld
Donatella_Versace_0001,Donatella_Versace
Donatella_Versace_0002,Donatella_Versace
Donnie_Brennan_0001,Donnie_Brennan
Donny_Osmond_0001,Donny_Osmond
Dorothy_Lamour_0001,Dorothy_Lamour
Dorothy_Loudon_0001,Dorothy_Loudon
Doug_Duncan_0002,Doug_Duncan
Doug_Melvin_0001,Doug_Melvin
Douglas_Paal_0001,Douglas_Paal
Dragan_Covic_0001,Dragan_Covic
Dudley_Rogers_0001,Dudley_Rogers
Dule_Hill_0001,Dule_Hill
Dwayne_Johnson_0002,Dwayne_Johnson
Dwayne_Wade_0001,Dwayne_Wade
Ed_Book_0001,Ed_Book
Ed_Case_0001,Ed_Case
Ed_Sullivan_0001,Ed_Sullivan
Ed_Wade_0001,Ed_Wade
Eddy_Hartenstein_0001,Eddy_Hartenstein
Eddy_Merckx_0001,Eddy_Merckx
Edmund_Hillary_0003,Edmund_Hillary
Edmund_Stoiber_0001,Edmund_Stoiber
Edmund_Stoiber_0010,Edmund_Stoiber
Edmund_Stoiber_0011,Edmund_Stoiber
Eduard_Shevardnadze_0005,Eduard_Shevardnadze
Eduardo_Chillida_0001,Eduardo_Chillida
Eduardo_Duhalde_0009,Eduardo_Duhalde
Eduardo_Duhalde_0010,Eduardo_Duhalde
Edward_Belvin_0001,Edward_Belvin
Edward_Burns_0001,Edward_Burns
Edward_Kennedy_0003,Edward_Kennedy
Edward_Lohn_0001,Edward_Lohn
Edward_Said_0001,Edward_Said
Edward_Said_0002,Edward_Said
Efrain_Rios_Montt_0001,Efrain_Rios_Montt
Eglis_Yaima_Cruz_0001,Eglis_Yaima_Cruz
Eladio_Larez_0001,Eladio_Larez
Elaine_Chao_0001,Elaine_Chao
Elena_Tihomirova_0001,Elena_Tihomirova
Elgin_Baylor_0001,Elgin_Baylor
Elijah_Wood_0001,Elijah_Wood
Elijah_Wood_0002,Elijah_Wood
Elisabeth_Schumacher_0002,Elisabeth_Schumacher
Elisabeth_Welch_0001,Elisabeth_Welch
Elizabeth_Hill_0001,Elizabeth_Hill
Elizabeth_Hurley_0001,Elizabeth_Hurley
Elizabeth_Smart_0001,Elizabeth_Smart
Elizabeth_Smart_0002,Elizabeth_Smart
Ellen_Engleman_0001,Ellen_Engleman
Ellen_Engleman_0002,Ellen_Engleman
Elsa_Zylberstein_0001,Elsa_Zylberstein
Elsa_Zylberstein_0002,Elsa_Zylberstein
Elton_John_0005,Elton_John
Elton_John_0006,Elton_John
Emanuel_Ginobili_0003,Emanuel_Ginobili
Emanuel_Ginobili_0004,Emanuel_Ginobili
Emily_Robison_0001,Emily_Robison
Emily_Robison_0002,Emily_Robison
Emma_Watson_0003,Emma_Watson
Emma_Watson_0004,Emma_Watson
Emmit_Smith_0002,Emmit_Smith
Emmy_Rossum_0001,Emmy_Rossum
Enrique_Bolanos_0004,Enrique_Bolanos
Enrique_Bolanos_0005,Enrique_Bolanos
Eric_Clapton_0002,Eric_Clapton
Eric_Daze_0001,Eric_Daze
Eric_Robert_Rudolph_0002,Eric_Robert_Rudolph
Eric_Robert_Rudolph_0003,Eric_Robert_Rudolph
Eric_Vigouroux_0001,Eric_Vigouroux
Eric_Wedge_0001,Eric_Wedge
Erika_Harold_0003,Erika_Harold
Erika_Harold_0004,Erika_Harold
Erin_Runnion_0004,Erin_Runnion
Ernest_Hollings_0001,Ernest_Hollings
Ernie_Fletcher_0001,Ernie_Fletcher
Ernie_Fletcher_0002,Ernie_Fletcher
Esteban_Cordoba-Velazquez_0001,Esteban_Cordoba-Velazquez
Estella_Warren_0001,Estella_Warren
Eugene_Melnyk_0001,Eugene_Melnyk
Eugene_Teslovic_0001,Eugene_Teslovic
Eva_Mendes_0001,Eva_Mendes
Evan_Marriott_0001,Evan_Marriott
Evelyn_Lauder_0001,Evelyn_Lauder
Evgeni_Plushenko_0001,Evgeni_Plushenko
Fabrice_Santoro_0003,Fabrice_Santoro
Fabricio_Oberto_0001,Fabricio_Oberto
Fatma_Kusibeh_0001,Fatma_Kusibeh
Fatmir_Limaj_0001,Fatmir_Limaj
Fayssal_Mekdad_0004,Fayssal_Mekdad
Fazal-ur-Rehman_0001,Fazal-ur-Rehman
Felipe_Fernandez_0001,Felipe_Fernandez
Felipe_Perez_Roque_0001,Felipe_Perez_Roque
Ferenc_Madl_0001,Ferenc_Madl
Ferenc_Madl_0002,Ferenc_Madl
Fernando_Gonzalez_0008,Fernando_Gonzalez
Fernando_Gonzalez_0009,Fernando_Gonzalez
Fernando_Hierro_0001,Fernando_Hierro
Fernando_Leon_de_Aranoa_0001,Fernando_Leon_de_Aranoa
Fidel_Castro_0001,Fidel_Castro
Fidel_Castro_0002,Fidel_Castro
Fidel_Castro_0011,Fidel_Castro
Fidel_Castro_0012,Fidel_Castro
Filippo_Inzaghi_0001,Filippo_Inzaghi
Filippo_Inzaghi_0002,Filippo_Inzaghi
Florecita_Cobian_0001,Florecita_Cobian
Florencia_Kirchner_0001,Florencia_Kirchner
Francis_Collins_0001,Francis_Collins
Francis_Crick_0001,Francis_Crick
Francisco_Flores_0002,Francisco_Flores
Francisco_Flores_0003,Francisco_Flores
Franco_Dragone_0002,Franco_Dragone
Franco_Frattini_0001,Franco_Frattini
Frank_Cassell_0003,Frank_Cassell
Frank_Coraci_0001,Frank_Coraci
Frank_Lautenberg_0002,Frank_Lautenberg
Frank_Marshall_0001,Frank_Marshall
Frank_Solich_0004,Frank_Solich
Frank_Solich_0005,Frank_Solich
Franko_Simatovic_0001,Franko_Simatovic
Franko_Simatovic_0002,Franko_Simatovic
Franz_Muentefering_0002,Franz_Muentefering
Franz_Muentefering_0003,Franz_Muentefering
Fred_Rogers_0001,Fred_Rogers
Fred_Swan_0001,Fred_Swan
Frederick_Madden_0001,Frederick_Madden
Frederique_van_der_Wal_0001,Frederique_van_der_Wal
Fujio_Mitarai_0001,Fujio_Mitarai
Gabi_Zimmer_0001,Gabi_Zimmer
Gabrielle_Rose_0001,Gabrielle_Rose
Gabrielle_Union_0001,Gabrielle_Union
Garry_McCoy_0001,Garry_McCoy
Garry_Trudeau_0001,Garry_Trudeau
Gary_Bettman_0001,Gary_Bettman
Gary_Carter_0001,Gary_Carter
Gary_Forsee_0001,Gary_Forsee
Gary_Forsee_0002,Gary_Forsee
Gary_Sinise_0001,Gary_Sinise
Gary_Stevens_0001,Gary_Stevens
Gen_Meredith_0001,Gen_Meredith
Gene_Autry_0001,Gene_Autry
Gene_Sauers_0001,Gene_Sauers
Gennifer_Flowers_0001,Gennifer_Flowers
Geoff_Hoon_0006,Geoff_Hoon
Geoff_Hoon_0007,Geoff_Hoon
George_Clooney_0001,George_Clooney
George_Clooney_0002,George_Clooney
George_Foreman_0002,George_Foreman
George_Galloway_0001,George_Galloway
George_HW_Bush_0004,George_HW_Bush
George_HW_Bush_0005,George_HW_Bush
George_Karl_0001,George_Karl
George_Karl_0002,George_Karl
George_Murphy_0001,George_Murphy
George_P_Bush_0001,George_P_Bush
George_Pataki_0004,George_Pataki
George_Pataki_0005,George_Pataki
George_Robertson_0008,George_Robertson
George_Robertson_0009,George_Robertson
George_Robertson_0018,George_Robertson
George_Robertson_0019,George_Robertson
George_Ryan_0004,George_Ryan
George_Tenet_0001,George_Tenet
George_W_Bush_0005,George_W_Bush
George_W_Bush_0006,George_W_Bush
George_W_Bush_0015,George_W_Bush
George_W_Bush_0016,George_W_Bush
George_W_Bush_0025,George_W_Bush
George_W_Bush_0026,George_W_Bush
George_W_Bush_0035,George_W_Bush
George_W_Bush_0036,George_W_Bush
George_W_Bush_0045,George_W_Bush
George_W_Bush_0046,George_W_Bush
George_W_Bush_0055,George_W_Bush
George_W_Bush_0056,George_W_Bush
George_W_Bush_0065,George_W_Bush
George_W_Bush_0066,George_W_Bush
George_W_Bush_0075,George_W_Bush
George_W_Bush_0076,George_W_Bush
George_W_Bush_0085,George_W_Bush
George_W_Bush_0086,George_W_Bush
George_W_Bush_0095,George_W_Bush
George_W_Bush_0096,George_W_Bush
George_W_Bush_0105,George_W_Bush
George_W_Bush_0106,George_W_Bush
George_W_Bush_0115,George_W_Bush
George_W_Bush_0116,George_W_Bush
George_W_Bush_0125,George_W_Bush
George_W_Bush_0126,George_W_Bush
George_W_Bush_0135,George_W_Bush
George_W_Bush_0136,George_W_Bush
George_W_Bush_0145,George_W_Bush
George_W_Bush_0146,George_W_Bush
George_W_Bush_0155,George_W_Bush
George_W_Bush_0156,George_W_Bush
George_W_Bush_0165,George_W_Bush
George_W_Bush_0166,George_W_Bush
George_W_Bush_0175,George_W_Bush
George_W_Bush_0176,George_W_Bush
George_W_Bush_0185,George_W_Bush
George_W_Bush_0186,George_W_Bush
George_W_Bush_0195,George_W_Bush
George_W_Bush_0196,George_W_Bush
George_W_Bush_0205,George_W_Bush
George_W_Bush_0206,George_W_Bush
George_W_Bush_0215,George_W_Bush
George_W_Bush_0216,George_W_Bush
George_W_Bush_0225,George_W_Bush
George_W_Bush_0226,George_W_Bush
George_W_Bush_0235,George_W_Bush
George_W_Bush_0236,George_W_Bush
George_W_Bush_0245,George_W_Bush
George_W_Bush_0246,George_W_Bush
George_W_Bush_0255,George_W_Bush
George_W_Bush_0256,George_W_Bush
George_W_Bush_0265,George_W_Bush
George_W_Bush_0266,George_W_Bush
George_W_Bush_0275,George_W_Bush
George_W_Bush_0276,George_W_Bush
George_W_Bush_0285,George_W_Bush
George_W_Bush_0286,George_W_Bush
George_W_Bush_0295,George_W_Bush
George_W_Bush_0296,George_W_Bush
George_W_Bush_0305,George_W_Bush
George_W_Bush_0306,George_W_Bush
George_W_Bush_0315,George_W_Bush
George_W_Bush_0316,George_W_Bush
George_W_Bush_0325,George_W_Bush
George_W_Bush_0326,George_W_Bush
George_W_Bush_0335,George_W_Bush
George_W_Bush_0336,George_W_Bush
George_W_Bush_0345,George_W_Bush
George_W_Bush_0346,George_W_Bush
George_W_Bush_0355,George_W_Bush
George_W_Bush_0356,George_W_Bush
George_W_Bush_0365,George_W_Bush
George_W_Bush_0366,George_W_Bush
George_W_Bush_0375,George_W_Bush
George_W_Bush_0376,George_W_Bush
George_W_Bush_0385,George_W_Bush
George_W_Bush_0386,George_W_Bush
George_W_Bush_0395,George_W_Bush
George_W_Bush_0396,George_W_Bush
George_W_Bush_0405,George_W_Bush
George_W_Bush_0406,George_W_Bush
George_W_Bush_0415,George_W_Bush
George_W_Bush_0416,George_W_Bush
George_W_Bush_0425,George_W_Bush
George_W_Bush_0426,George_W_Bush
George_W_Bush_0435,George_W_Bush
George_W_Bush_0436,George_W_Bush
George_W_Bush_0445,George_W_Bush
George_W_Bush_0446,George_W_Bush
George_W_Bush_0455,George_W_Bush
George_W_Bush_0456,George_W_Bush
George_W_Bush_0465,George_W_Bush
George_W_Bush_0466,George_W_Bush
George_W_Bush_0475,George_W_Bush
George_W_Bush_0476,George_W_Bush
George_W_Bush_0485,George_W_Bush
George_W_Bush_0486,George_W_Bush
George_W_Bush_0495,George_W_Bush
George_W_Bush_0496,George_W_Bush
George_W_Bush_0505,George_W_Bush
George_W_Bush_0506,George_W_Bush
George_W_Bush_0515,George_W_Bush
George_W_Bush_0516,George_W_Bush
George_W_Bush_0525,George_W_Bush
George_W_Bush_0526,George_W_Bush
Georgina_Papin_0001,Georgina_Papin
Geovani_Lapentti_0001,Geovani_Lapentti
Geraldine_Chaplin_0004,Geraldine_Chaplin
Geraldo_Rivera_0001,Geraldo_Rivera
Gerhard_Boekel_0001,Gerhard_Boekel
Gerhard_Schmid_0001,Gerhard_Schmid
Gerhard_Schroeder_0009,Gerhard_Schroeder
Gerhard_Schroeder_0010,Gerhard_Schroeder
Gerhard_Schroeder_0019,Gerhard_Schroeder
Gerhard_Schroeder_0020,Gerhard_Schroeder
Gerhard_Schroeder_0029,Gerhard_Schroeder
Gerhard_Schroeder_0030,Gerhard_Schroeder
Gerhard_Schroeder_0039,Gerhard_Schroeder
Gerhard_Schroeder_0040,Gerhard_Schroeder
Gerhard_Schroeder_0049,Gerhard_Schroeder
Gerhard_Schroeder_0050,Gerhard_Schroeder
Gerhard_Schroeder_0059,Gerhard_Schroeder
Gerhard_Schroeder_0060,Gerhard_Schroeder
Gerhard_Schroeder_0069,Gerhard_Schroeder
Gerhard_Schroeder_0070,Gerhard_Schroeder
Gerhard_Schroeder_0079,Gerhard_Schroeder
Gerhard_Schroeder_0080,Gerhard_Schroeder
Gerhard_Schroeder_0089,Gerhard_Schroeder
Gerhard_Schroeder_0090,Gerhard_Schroeder
Gerhard_Schroeder_0099,Gerhard_Schroeder
Gerhard_Schroeder_0100,Gerhard_Schroeder
Gerhard_Schroeder_0109,Gerhard_Schroeder
German_Khan_0001,German_Khan
Gerry_Adams_0008,Gerry_Adams
Gerry_Kelly_0001,Gerry_Kelly
Gianna_Angelopoulos-Daskalaki_0001,Gianna_Angelopoulos-Daskalaki
Gianna_Angelopoulos-Daskalaki_0002,Gianna_Angelopoulos-Daskalaki
Gil_de_Ferran_0003,Gil_de_Ferran
Gil_de_Ferran_0004,Gil_de_Ferran
Gillian_Anderson_0002,Gillian_Anderson
Gina_Centrello_0001,Gina_Centrello
Giulio_Andreotti_0001,Giulio_Andreotti
Giuseppe_Gibilisco_0001,Giuseppe_Gibilisco
Glafcos_Clerides_0001,Glafcos_Clerides
Glafcos_Clerides_0002,Glafcos_Clerides
Gloria_Allred_0001,Gloria_Allred
Gloria_Allred_0002,Gloria_Allred
Gloria_Macapagal_Arroyo_0008,Gloria_Macapagal_Arroyo
Gloria_Macapagal_Arroyo_0009,Gloria_Macapagal_Arroyo
Gloria_Macapagal_Arroyo_0018,Gloria_Macapagal_Arroyo
Gloria_Macapagal_Arroyo_0019,Gloria_Macapagal_Arroyo
Gloria_Macapagal_Arroyo_0028,Gloria_Macapagal_Arroyo
Gloria_Macapagal_Arroyo_0029,Gloria_Macapagal_Arroyo
Gloria_Macapagal_Arroyo_0038,Gloria_Macapagal_Arroyo
Gloria_Macapagal_Arroyo_0039,Gloria_Macapagal_Arroyo
Gloria_Trevi_0004,Gloria_Trevi
Goh_Kun_0001,Goh_Kun
Gong_Li_0001,Gong_Li
Gong_Ruina_0001,Gong_Ruina
Gonzalo_Sanchez_de_Lozada_0008,Gonzalo_Sanchez_de_Lozada
Gonzalo_Sanchez_de_Lozada_0009,Gonzalo_Sanchez_de_Lozada
Gordon_Brown_0001,Gordon_Brown
Gordon_Brown_0002,Gordon_Brown
Gordon_Brown_0011,Gordon_Brown
Gordon_Brown_0012,Gordon_Brown
Grace_Brinell_0001,Grace_Brinell
Grace_Dodd_0001,Grace_Dodd
Graham_Bentley_0001,Graham_Bentley
Grant_Hackett_0001,Grant_Hackett
Gray_Davis_0004,Gray_Davis
Gray_Davis_0005,Gray_Davis
Gray_Davis_0014,Gray_Davis
Gray_Davis_0015,Gray_Davis
Gray_Davis_0024,Gray_Davis
Gray_Davis_0025,Gray_Davis
Greg_Ostertag_0001,Greg_Ostertag
Greg_Ostertag_0002,Greg_Ostertag
Gregg_Popovich_0002,Gregg_Popovich
Gregg_Popovich_0003,Gregg_Popovich
Gregory_Hines_0002,Gregory_Hines
Gregory_Peck_0001,Gregory_Peck
Guido_Westerwelle_0002,Guido_Westerwelle
Guillaume_Cannet_0001,Guillaume_Cannet
Guillermo_Coria_0002,Guillermo_Coria
Guillermo_Coria_0003,Guillermo_Coria
Guillermo_Coria_0012,Guillermo_Coria
Guillermo_Coria_0013,Guillermo_Coria
Guillermo_Coria_0022,Guillermo_Coria
Guillermo_Coria_0023,Guillermo_Coria
Guillermo_Ortiz_0001,Guillermo_Ortiz
Guillermo_Ortiz_0002,Guillermo_Ortiz
Gunter_Pleuger_0007,Gunter_Pleuger
Gus_Frerotte_0001,Gus_Frerotte
Gustavo_Noboa_0001,Gustavo_Noboa
Gustavo_Terrazas_0001,Gustavo_Terrazas
Gwendal_Peizerat_0002,Gwendal_Peizerat
Gwendal_Peizerat_0003,Gwendal_Peizerat
Habib_Rizieq_0002,Habib_Rizieq
Habib_Rizieq_0003,Habib_Rizieq
Hal_McCoy_0001,Hal_McCoy
Hal_Sellers_0001,Hal_Sellers
Halle_Berry_0006,Halle_Berry
Halle_Berry_0007,Halle_Berry
Halle_Berry_0016,Halle_Berry
Ham_Pong-sil_0001,Ham_Pong-sil
Hamid_Karzai_0005,Hamid_Karzai
Hamid_Karzai_0006,Hamid_Karzai
Hamid_Karzai_0015,Hamid_Karzai
Hamid_Karzai_0016,Hamid_Karzai
Hamzah_Haz_0001,Hamzah_Haz
Hamzah_Haz_0002,Hamzah_Haz
Hank_Bass_0001,Hank_Bass
Hank_McKinnell_0001,Hank_McKinnell
Hans_Blix_0004,Hans_Blix
Hans_Blix_0005,Hans_Blix
Hans_Blix_0014,Hans_Blix
Hans_Blix_0015,Hans_Blix
Hans_Blix_0024,Hans_Blix
Hans_Blix_0025,Hans_Blix
Hans_Blix_0034,Hans_Blix
Hans_Blix_0035,Hans_Blix
Hans_Leistritz_0001,Hans_Leistritz
Hans_Peter_Briegel_0001,Hans_Peter_Briegel
Harrison_Ford_0002,Harrison_Ford
Harrison_Ford_0003,Harrison_Ford
Harrison_Ford_0012,Harrison_Ford
Harry_Belafonte_0001,Harry_Belafonte
Harvey_Fierstein_0001,Harvey_Fierstein
Harvey_Wachsman_0001,Harvey_Wachsman
Hassan_Wirajuda_0001,Hassan_Wirajuda
Hassan_Wirajuda_0002,Hassan_Wirajuda
Heath_Ledger_0003,Heath_Ledger
Heath_Ledger_0004,Heath_Ledger
Hector_Babenco_0001,Hector_Babenco
Hector_Babenco_0002,Hector_Babenco
Heidi_Fleiss_0002,Heidi_Fleiss
Heidi_Fleiss_0003,Heidi_Fleiss
Heinz_Feldmann_0002,Heinz_Feldmann
Heinz_Feldmann_0003,Heinz_Feldmann
Heizo_Takenaka_0009,Heizo_Takenaka
Helen_Alvare_0001,Helen_Alvare
Helio_Rubens_Garcia_0001,Helio_Rubens_Garcia
Helmut_Panke_0001,Helmut_Panke
Henry_Hyde_0001,Henry_Hyde
Henry_Kissinger_0001,Henry_Kissinger
Herbert_Haupt_0001,Herbert_Haupt
Herbie_Hancock_0001,Herbie_Hancock
Hernan_Diaz_0001,Hernan_Diaz
Herta_Daeubler-Gmelin_0001,Herta_Daeubler-Gmelin
Hikmat_al-Azzawi_0001,Hikmat_al-Azzawi
Hilary_Duff_0001,Hilary_Duff
Hillary_Clinton_0005,Hillary_Clinton
Hillary_Clinton_0006,Hillary_Clinton
Hilmi_Akin_Zorlu_0001,Hilmi_Akin_Zorlu
Hilmi_Ozkok_0001,Hilmi_Ozkok
Hisao_Oguchi_0001,Hisao_Oguchi
Hisao_Oguchi_0002,Hisao_Oguchi
Hitoshi_Tanaka_0001,Hitoshi_Tanaka
Hoda_Asfor_0001,Hoda_Asfor
Hong_Myung_0001,Hong_Myung
Hootie_Johnson_0001,Hootie_Johnson
Hosni_Mubarak_0001,Hosni_Mubarak
Hosni_Mubarak_0002,Hosni_Mubarak
Howard_Dean_0002,Howard_Dean
Howard_Dean_0003,Howard_Dean
Howard_Dean_0012,Howard_Dean
Howard_Ross_0001,Howard_Ross
Hu_Jintao_0001,Hu_Jintao
Hu_Jintao_0002,Hu_Jintao
Hu_Jintao_0011,Hu_Jintao
Hu_Jintao_0012,Hu_Jintao
Hugh_Campbell_0001,Hugh_Campbell
Hugh_Carey_0001,Hugh_Carey
Hugh_Grant_0009,Hugh_Grant
Hugh_Hefner_0001,Hugh_Hefner
Hugo_Chavez_0007,Hugo_Chavez
Hugo_Chavez_0008,Hugo_Chavez
Hugo_Chavez_0017,Hugo_Chavez
Hugo_Chavez_0018,Hugo_Chavez
Hugo_Chavez_0027,Hugo_Chavez
Hugo_Chavez_0028,Hugo_Chavez
Hugo_Chavez_0037,Hugo_Chavez
Hugo_Chavez_0038,Hugo_Chavez
Hugo_Chavez_0047,Hugo_Chavez
Hugo_Chavez_0048,Hugo_Chavez
Hugo_Chavez_0057,Hugo_Chavez
Hugo_Chavez_0058,Hugo_Chavez
Hugo_Chavez_0067,Hugo_Chavez
Hugo_Chavez_0068,Hugo_Chavez
Hun_Sen_0002,Hun_Sen
Hun_Sen_0003,Hun_Sen
Hwang_Doo-yun_0001,Hwang_Doo-yun
Iain_Anderson_0001,Iain_Anderson
Ian_Knop_0001,Ian_Knop
Ian_McKellen_0001,Ian_McKellen
Ian_Thorpe_0005,Ian_Thorpe
Ian_Thorpe_0006,Ian_Thorpe
Ibrahim_Haddad_0001,Ibrahim_Haddad
Ibrahim_Hilal_0001,Ibrahim_Hilal
Igor_Ivanov_0003,Igor_Ivanov
Igor_Ivanov_0004,Igor_Ivanov
Igor_Ivanov_0013,Igor_Ivanov
Igor_Ivanov_0014,Igor_Ivanov
Ilan_Ramon_0001,Ilan_Ramon
Ilan_Ramon_0002,Ilan_Ramon
Imran_Khan_0001,Imran_Khan
Imre_Kertasz_0001,Imre_Kertasz
Intisar_Ajouri_0002,Intisar_Ajouri
Intisar_Ajouri_0003,Intisar_Ajouri
Irina_Yatchenko_0001,Irina_Yatchenko
Irv_Nathan_0001,Irv_Nathan
Isaiah_Washington_0001,Isaiah_Washington
Isaiah_Washington_0002,Isaiah_Washington
Ismail_Merchant_0001,Ismail_Merchant
Ismail_Merchant_0002,Ismail_Merchant
Ivana_Trump_0001,Ivana_Trump
Iveta_Benesova_0001,Iveta_Benesova
Jack_Nicholson_0001,Jack_Nicholson
Jack_Nicholson_0002,Jack_Nicholson
Jack_Straw_0006,Jack_Straw
Jack_Straw_0007,Jack_Straw
Jack_Straw_0016,Jack_Straw
Jack_Straw_0017,Jack_Straw
Jack_Straw_0026,Jack_Straw
Jack_Straw_0027,Jack_Straw
Jackie_Chan_0006,Jackie_Chan
Jackie_Chan_0007,Jackie_Chan
Jacky_Cheung_0001,Jacky_Cheung
Jacob_Frenkel_0001,Jacob_Frenkel
Jacques_Chirac_0004,Jacques_Chirac
Jacques_Chirac_0005,Jacques_Chirac
Jacques_Chirac_0014,Jacques_Chirac
Jacques_Chirac_0015,Jacques_Chirac
Jacques_Chirac_0024,Jacques_Chirac
Jacques_Chirac_0025,Jacques_Chirac
Jacques_Chirac_0034,Jacques_Chirac
Jacques_Chirac_0035,Jacques_Chirac
Jacques_Chirac_0044,Jacques_Chirac
Jacques_Chirac_0045,Jacques_Chirac
Jacques_Rogge_0001,Jacques_Rogge
Jacques_Rogge_0002,Jacques_Rogge
Jacques_Villeneuve_0001,Jacques_Villeneuve
Jada_Pinkett_Smith_0001,Jada_Pinkett_Smith
Jake_Gyllenhaal_0003,Jake_Gyllenhaal
Jake_Gyllenhaal_0004,Jake_Gyllenhaal
James_Becker_0001,James_Becker
James_Blake_0001,James_Blake
James_Blake_0010,James_Blake
James_Blake_0011,James_Blake
James_Caan_0001,James_Caan
James_Caan_0002,James_Caan
James_Coviello_0001,James_Coviello
James_Cunningham_0001,James_Cunningham
James_Gibson_0001,James_Gibson
James_Hakett_0001,James_Hakett
James_Jones_0002,James_Jones
James_Kelly_0001,James_Kelly
James_Kelly_0010,James_Kelly
James_Kelly_0011,James_Kelly
James_Maguire_0002,James_Maguire
James_Mathis_0001,James_Mathis
James_Meredeth_0001,James_Meredeth
James_Morris_0001,James_Morris
James_Schultz_0002,James_Schultz
James_Sensenbrenner_0001,James_Sensenbrenner
James_Watt_0001,James_Watt
James_Wattana_0001,James_Wattana
Jamie_Cooke_0001,Jamie_Cooke
Jamie_Dimon_0001,Jamie_Dimon
Jamling_Norgay_0001,Jamling_Norgay
Jamling_Norgay_0002,Jamling_Norgay
Jan_Pronk_0001,Jan_Pronk
Jan_Ullrich_0001,Jan_Ullrich
Jane_Clayson_0001,Jane_Clayson
Jane_Fonda_0001,Jane_Fonda
Jane_Riley_0001,Jane_Riley
Jane_Rooney_0001,Jane_Rooney
Janet_Napolitano_0001,Janet_Napolitano
Janet_Napolitano_0002,Janet_Napolitano
Janice_Abreu_0001,Janice_Abreu
Janice_Goldfinger_0001,Janice_Goldfinger
Jason_Bentley_0001,Jason_Bentley
Jason_Biggs_0001,Jason_Biggs
Jason_Kidd_0002,Jason_Kidd
Jason_Kidd_0003,Jason_Kidd
Jason_Lezak_0002,Jason_Lezak
Jason_Mewes_0001,Jason_Mewes
Javier_Camara_0001,Javier_Camara
Javier_Delgado_0001,Javier_Delgado
Javier_Solana_0008,Javier_Solana
Javier_Solana_0009,Javier_Solana
Jay_Garner_0001,Jay_Garner
Jay_Garner_0002,Jay_Garner
Jay_Rasulo_0002,Jay_Rasulo
Jaymon_Crabb_0001,Jaymon_Crabb
Jean-Claude_Juncker_0002,Jean-Claude_Juncker
Jean-Claude_Trichet_0001,Jean-Claude_Trichet
Jean-David_Levitte_0007,Jean-David_Levitte
Jean-David_Levitte_0008,Jean-David_Levitte
Jean-Marc_de_La_Sabliere_0002,Jean-Marc_de_La_Sabliere
Jean-Marc_Olive_0001,Jean-Marc_Olive
Jean-Pierre_Raffarin_0007,Jean-Pierre_Raffarin
Jean-Rene_Fourtou_0001,Jean-Rene_Fourtou
Jean_Charest_0003,Jean_Charest
Jean_Charest_0004,Jean_Charest
Jean_Charest_0013,Jean_Charest
Jean_Charest_0014,Jean_Charest
Jean_Chretien_0006,Jean_Chretien
Jean_Chretien_0007,Jean_Chretien
Jean_Chretien_0016,Jean_Chretien
Jean_Chretien_0017,Jean_Chretien
Jean_Chretien_0026,Jean_Chretien
Jean_Chretien_0027,Jean_Chretien
Jean_Chretien_0036,Jean_Chretien
Jean_Chretien_0037,Jean_Chretien
Jean_Chretien_0046,Jean_Chretien
Jean_Chretien_0047,Jean_Chretien
Jean_Nagel_0001,Jean_Nagel
Jean_Todt_0001,Jean_Todt
Jeb_Bush_0002,Jeb_Bush
Jeb_Bush_0003,Jeb_Bush
Jeb_Bush_0012,Jeb_Bush
Jeff_Bridges_0001,Jeff_Bridges
Jeff_Van_Gundy_0002,Jeff_Van_Gundy
Jeff_Van_Gundy_0003,Jeff_Van_Gundy
Jeffrey_Donaldson_0001,Jeffrey_Donaldson
Jeffrey_Immelt_0001,Jeffrey_Immelt
Jelena_Dokic_0002,Jelena_Dokic
Jelena_Dokic_0003,Jelena_Dokic
Jennette_Bradley_0001,Jennette_Bradley
Jennie_Finch_0001,Jennie_Finch
Jennifer_Aniston_0008,Jennifer_Aniston
Jennifer_Aniston_0009,Jennifer_Aniston
Jennifer_Aniston_0018,Jennifer_Aniston
Jennifer_Aniston_0019,Jennifer_Aniston
Jennifer_Capriati_0007,Jennifer_Capriati
Jennifer_Capriati_0008,Jennifer_Capriati
Jennifer_Capriati_0017,Jennifer_Capriati
Jennifer_Capriati_0018,Jennifer_Capriati
Jennifer_Capriati_0027,Jennifer_Capriati
Jennifer_Capriati_0028,Jennifer_Capriati
Jennifer_Capriati_0037,Jennifer_Capriati
Jennifer_Capriati_0038,Jennifer_Capriati
Jennifer_Furminger_0001,Jennifer_Furminger
Jennifer_Garner_0001,Jennifer_Garner
Jennifer_Garner_0010,Jennifer_Garner
Jennifer_Garner_0011,Jennifer_Garner
Jennifer_Lopez_0002,Jennifer_Lopez
Jennifer_Lopez_0003,Jennifer_Lopez
Jennifer_Lopez_0012,Jennifer_Lopez
Jennifer_Lopez_0013,Jennifer_Lopez
Jennifer_Love_Hewitt_0001,Jennifer_Love_Hewitt
Jennifer_McCoy_0001,Jennifer_McCoy
Jennifer_Thompson_0002,Jennifer_Thompson
Jennifer_Tilly_0001,Jennifer_Tilly
Jeong_Se-hyun_0007,Jeong_Se-hyun
Jeong_Se-hyun_0008,Jeong_Se-hyun
Jeremy_Greenstock_0005,Jeremy_Greenstock
Jeremy_Greenstock_0006,Jeremy_Greenstock
Jeremy_Greenstock_0015,Jeremy_Greenstock
Jeremy_Greenstock_0016,Jeremy_Greenstock
Jeremy_Shockey_0001,Jeremy_Shockey
Jeremy_Shockey_0002,Jeremy_Shockey
Jerry_Falwell_0002,Jerry_Falwell
Jerry_Hall_0001,Jerry_Hall
Jerry_Regier_0004,Jerry_Regier
Jerry_Rice_0001,Jerry_Rice
Jesper_Parnevik_0001,Jesper_Parnevik
Jesse_Harris_0001,Jesse_Harris
Jesse_Jackson_0006,Jesse_Jackson
Jesse_Jackson_0007,Jesse_Jackson
Jessica_Alba_0001,Jessica_Alba
Jessica_Alba_0002,Jessica_Alba
Jesus_Cardenal_0001,Jesus_Cardenal
Jewel_Howard-Taylor_0001,Jewel_Howard-Taylor
Jiang_Zemin_0007,Jiang_Zemin
Jiang_Zemin_0008,Jiang_Zemin
Jiang_Zemin_0017,Jiang_Zemin
Jiang_Zemin_0018,Jiang_Zemin
Jim_Calhoun_0001,Jim_Calhoun
Jim_Cantalupo_0001,Jim_Cantalupo
Jim_Freudenberg_0001,Jim_Freudenberg
Jim_Furyk_0001,Jim_Furyk
Jim_Hahn_0003,Jim_Hahn
Jim_Hahn_0004,Jim_Hahn
Jim_Letten_0001,Jim_Letten
Jim_Nochols_0001,Jim_Nochols
Jim_Schwarz_0001,Jim_Schwarz
Jim_Spinoza_0001,Jim_Spinoza
Jim_Wall_0001,Jim_Wall
Jim_Wessling_0001,Jim_Wessling
Jimmy_Carter_0007,Jimmy_Carter
Jimmy_Carter_0008,Jimmy_Carter
Jimmy_Smits_0001,Jimmy_Smits
Jimmy_Szymanski_0001,Jimmy_Szymanski
Jiri_Novak_0009,Jiri_Novak
Jiri_Novak_0010,Jiri_Novak
JK_Rowling_0006,JK_Rowling
Jo_Dee_Messina_0001,Jo_Dee_Messina
Joan_Laporta_0002,Joan_Laporta
Joan_Laporta_0003,Joan_Laporta
Joanne_Woodward_0001,Joanne_Woodward
Joao_Rocha_0001,Joao_Rocha
Jodie_Foster_0003,Jodie_Foster
Jodie_Henry_0001,Jodie_Henry
Joe_Darrell_0001,Joe_Darrell
Joe_DeLamielleure_0001,Joe_DeLamielleure
Joe_Glover_0001,Joe_Glover
Joe_Leonard_0001,Joe_Leonard
Joe_Lieberman_0009,Joe_Lieberman
Joe_Lieberman_0010,Joe_Lieberman
Joe_Nichols_0001,Joe_Nichols
Joe_Nichols_0002,Joe_Nichols
Joe_Torre_0003,Joe_Torre
Joe_Torre_0004,Joe_Torre
Johan_Bruyneel_0001,Johan_Bruyneel
Johannes_Rau_0001,Johannes_Rau
John_Abizaid_0009,John_Abizaid
John_Allen_Muhammad_0001,John_Allen_Muhammad
John_Allen_Muhammad_0010,John_Allen_Muhammad
John_Allen_Muhammad_0011,John_Allen_Muhammad
John_Ashcroft_0008,John_Ashcroft
John_Ashcroft_0009,John_Ashcroft
John_Ashcroft_0018,John_Ashcroft
John_Ashcroft_0019,John_Ashcroft
John_Ashcroft_0028,John_Ashcroft
John_Ashcroft_0029,John_Ashcroft
John_Ashcroft_0038,John_Ashcroft
John_Ashcroft_0039,John_Ashcroft
John_Ashcroft_0048,John_Ashcroft
John_Ashcroft_0049,John_Ashcroft
John_Belushi_0001,John_Belushi
John_Blaney_0001,John_Blaney
John_Bolton_0008,John_Bolton
John_Bolton_0009,John_Bolton
John_Bond_0001,John_Bond
John_Brady_0001,John_Brady
John_Cusack_0002,John_Cusack
John_Dallager_0001,John_Dallager
John_Edwards_0003,John_Edwards
John_Edwards_0004,John_Edwards
John_Fenn_0001,John_Fenn
John_Ferguson_0001,John_Ferguson
John_Hartson_0001,John_Hartson
John_Henry_0001,John_Henry
John_Howard_0008,John_Howard
John_Howard_0009,John_Howard
John_Howard_0018,John_Howard
John_Howard_0019,John_Howard
John_Kerry_0005,John_Kerry
John_Kerry_0006,John_Kerry
John_Kerry_0015,John_Kerry
John_Kerry_0016,John_Kerry
John_Madden_0001,John_Madden
John_Malkovich_0001,John_Malkovich
John_Manley_0007,John_Manley
John_Marburger_0001,John_Marburger
John_McCain_0006,John_McCain
John_McCain_0007,John_McCain
John_Moxley_0001,John_Moxley
John_Nash_0001,John_Nash
John_Negroponte_0009,John_Negroponte
John_Negroponte_0010,John_Negroponte
John_Negroponte_0019,John_Negroponte
John_Negroponte_0020,John_Negroponte
John_Negroponte_0029,John_Negroponte
John_Negroponte_0030,John_Negroponte
John_Paul_II_0005,John_Paul_II
John_Paul_II_0006,John_Paul_II
John_Prescott_0001,John_Prescott
John_Reid_0001,John_Reid
John_Rosa_0001,John_Rosa
John_Rosa_0002,John_Rosa
John_Scarlett_0001,John_Scarlett
John_Sidgmore_0001,John_Sidgmore
John_Snow_0009,John_Snow
John_Snow_0010,John_Snow
John_Spencer_0002,John_Spencer
John_Stallworth_0001,John_Stallworth
John_Sweeney_0001,John_Sweeney
John_Swofford_0001,John_Swofford
John_Travolta_0002,John_Travolta
John_Travolta_0003,John_Travolta
John_Warner_0001,John_Warner
John_Warner_0002,John_Warner
Johnnie_Lynn_0001,Johnnie_Lynn
Johnny_Benson_0001,Johnny_Benson
Johnny_Tapia_0003,Johnny_Tapia
Johnny_Unitas_0001,Johnny_Unitas
Jon_Corzine_0003,Jon_Corzine
Jon_Gruden_0001,Jon_Gruden
Jon_Voight_0001,Jon_Voight
Jon_Voight_0002,Jon_Voight
Jonathan_Edwards_0006,Jonathan_Edwards
Jonathan_Edwards_0007,Jonathan_Edwards
Jonathan_Woodgate_0001,Jonathan_Woodgate
Jong_Thae_Hwa_0001,Jong_Thae_Hwa
Jorge_Batlle_0001,Jorge_Batlle
Jorge_Batlle_0002,Jorge_Batlle
Jorge_Rodolfo_Canicoba_Corral_0002,Jorge_Rodolfo_Canicoba_Corral
Jorge_Valdano_0001,Jorge_Valdano
Joschka_Fischer_0007,Joschka_Fischer
Joschka_Fischer_0008,Joschka_Fischer
Joschka_Fischer_0017,Joschka_Fischer
Joschka_Fischer_0018,Joschka_Fischer
Jose_Carlo_Fernandez_0001,Jose_Carlo_Fernandez
Jose_Carreras_0001,Jose_Carreras
Jose_Luis_Rodriguez_Zapatero_0001,Jose_Luis_Rodriguez_Zapatero
Jose_Luis_Santiago_Vasconcelos_0001,Jose_Luis_Santiago_Vasconcelos
Jose_Maria_Aznar_0003,Jose_Maria_Aznar
Jose_Maria_Aznar_0004,Jose_Maria_Aznar
Jose_Maria_Aznar_0013,Jose_Maria_Aznar
Jose_Maria_Aznar_0014,Jose_Maria_Aznar
Jose_Maria_Aznar_0023,Jose_Maria_Aznar
Jose_Miguel_Aleman_0001,Jose_Miguel_Aleman
Jose_Serra_0002,Jose_Serra
Jose_Serra_0003,Jose_Serra
Jose_Vicente_Rangel_0001,Jose_Vicente_Rangel
Jose_Viegas_Filho_0001,Jose_Viegas_Filho
Joseph_Blatter_0002,Joseph_Blatter
Joseph_Deiss_0001,Joseph_Deiss
Joseph_Ganim_0001,Joseph_Ganim
Joseph_Hoy_0001,Joseph_Hoy
Josh_Childress_0001,Josh_Childress
Josh_Evans_0001,Josh_Evans
JP_Suarez_0001,JP_Suarez
JT_Snow_0001,JT_Snow
Juan_Carlos_Ferrero_0007,Juan_Carlos_Ferrero
Juan_Carlos_Ferrero_0008,Juan_Carlos_Ferrero
Juan_Carlos_Ferrero_0017,Juan_Carlos_Ferrero
Juan_Carlos_Ferrero_0018,Juan_Carlos_Ferrero
Juan_Carlos_Ferrero_0027,Juan_Carlos_Ferrero
Juan_Carlos_Ferrero_0028,Juan_Carlos_Ferrero
Juan_Manuel_Marquez_0001,Juan_Manuel_Marquez
Juan_Manuel_Marquez_0002,Juan_Manuel_Marquez
Juan_Pablo_Montoya_0008,Juan_Pablo_Montoya
Juan_Roman_Carrasco_0001,Juan_Roman_Carrasco
Jude_Law_0001,Jude_Law
Jude_Law_0002,Jude_Law
Judy_Spreckels_0001,Judy_Spreckels
Judy_Vassar_0001,Judy_Vassar
Julia_Ormond_0001,Julia_Ormond
Julia_Tymoshenko_0001,Julia_Tymoshenko
Julianne_Moore_0003,Julianne_Moore
Julianne_Moore_0004,Julianne_Moore
Julianne_Moore_0013,Julianne_Moore
Julianne_Moore_0014,Julianne_Moore
Julie_Gerberding_0003,Julie_Gerberding
Julie_Gerberding_0004,Julie_Gerberding
Julie_Gerberding_0013,Julie_Gerberding
Julie_Gerberding_0014,Julie_Gerberding
Juliette_Lewis_0001,Juliette_Lewis
Julio_Cesar_Chavez_0001,Julio_Cesar_Chavez
Juljia_Vysotskij_0001,Juljia_Vysotskij
Jung_Bong_0001,Jung_Bong
Junichiro_Koizumi_0008,Junichiro_Koizumi
Junichiro_Koizumi_0009,Junichiro_Koizumi
Junichiro_Koizumi_0018,Junichiro_Koizumi
Junichiro_Koizumi_0019,Junichiro_Koizumi
Junichiro_Koizumi_0028,Junichiro_Koizumi
Junichiro_Koizumi_0029,Junichiro_Koizumi
Junichiro_Koizumi_0038,Junichiro_Koizumi
Junichiro_Koizumi_0039,Junichiro_Koizumi
Junichiro_Koizumi_0048,Junichiro_Koizumi
Junichiro_Koizumi_0049,Junichiro_Koizumi
Junichiro_Koizumi_0058,Junichiro_Koizumi
Junichiro_Koizumi_0059,Junichiro_Koizumi
Justin_Leonard_0002,Justin_Leonard
Justin_Leonard_0003,Justin_Leonard
Justin_Timberlake_0007,Justin_Timberlake
Justin_Timberlake_0008,Justin_Timberlake
Justine_Pasek_0005,Justine_Pasek
Justine_Pasek_0006,Justine_Pasek
Kalpana_Chawla_0003,Kalpana_Chawla
Kalpana_Chawla_0004,Kalpana_Chawla
Kang_Gum-sil_0001,Kang_Gum-sil
Kaoru_Hasuike_0001,Kaoru_Hasuike
Karen_Sharpe_Kramer_0001,Karen_Sharpe_Kramer
Karin_Pilsaeter_0001,Karin_Pilsaeter
Kate_Capshaw_0001,Kate_Capshaw
Kate_Capshaw_0002,Kate_Capshaw
Kate_Hudson_0009,Kate_Hudson
Kate_Lee_0001,Kate_Lee
Katharine_Hepburn_0001,Katharine_Hepburn
Katherine_Harris_0001,Katherine_Harris
Kathleen_Kennedy_Townsend_0002,Kathleen_Kennedy_Townsend
Kathleen_Kennedy_Townsend_0003,Kathleen_Kennedy_Townsend
Kathy_Gannon_0001,Kathy_Gannon
Kathy_Winters_0001,Kathy_Winters
Katie_Wagner_0001,Katie_Wagner
Katja_Riemann_0001,Katja_Riemann
Keanu_Reeves_0004,Keanu_Reeves
Keanu_Reeves_0005,Keanu_Reeves
Keira_Knightley_0001,Keira_Knightley
Keira_Knightley_0002,Keira_Knightley
Keith_Lowen_0001,Keith_Lowen
Keith_Olbermann_0001,Keith_Olbermann
Kelli_White_0002,Kelli_White
Kellie_Coffey_0001,Kellie_Coffey
Kelsey_Grammer_0001,Kelsey_Grammer
Kelvin_Sampson_0001,Kelvin_Sampson
Ken_Loach_0001,Ken_Loach
Ken_Macha_0001,Ken_Macha
Kenneth_Bowersox_0003,Kenneth_Bowersox
Kenneth_Branagh_0001,Kenneth_Branagh
Kenny_Brack_0001,Kenny_Brack
Kenny_Chesney_0001,Kenny_Chesney
Kevin_Costner_0004,Kevin_Costner
Kevin_Costner_0005,Kevin_Costner
Kevin_James_0001,Kevin_James
Kevin_Keegan_0001,Kevin_Keegan
Kevin_Spacey_0004,Kevin_Spacey
Kevin_Spacey_0005,Kevin_Spacey
Khin_Nyunt_0001,Khin_Nyunt
Khum_Bahadur_Khadka_0001,Khum_Bahadur_Khadka
Kim_Chinn_0001,Kim_Chinn
Kim_Clijsters_0001,Kim_Clijsters
Kim_Clijsters_0010,Kim_Clijsters
Kim_Clijsters_0011,Kim_Clijsters
Kim_Dae-jung_0006,Kim_Dae-jung
Kim_Dae-jung_0007,Kim_Dae-jung
Kim_Jong-Il_0001,Kim_Jong-Il
Kim_Jong-Il_0002,Kim_Jong-Il
Kim_Ryong-sung_0007,Kim_Ryong-sung
Kim_Ryong-sung_0008,Kim_Ryong-sung
Kim_Yun-kyu_0001,Kim_Yun-kyu
Kimberly_Bruckner_0001,Kimberly_Bruckner
King_Abdullah_II_0004,King_Abdullah_II
King_Abdullah_II_0005,King_Abdullah_II
Kirk_Johnson_0001,Kirk_Johnson
Kirk_Johnson_0002,Kirk_Johnson
Kjell_Magne_Bondevik_0003,Kjell_Magne_Bondevik
Klaus_Schwab_0001,Klaus_Schwab
Kofi_Annan_0004,Kofi_Annan
Kofi_Annan_0005,Kofi_Annan
Kofi_Annan_0014,Kofi_Annan
Kofi_Annan_0015,Kofi_Annan
Kofi_Annan_0024,Kofi_Annan
Kofi_Annan_0025,Kofi_Annan
Koichi_Tanaka_0001,Koichi_Tanaka
Koichiro_Matsuura_0001,Koichiro_Matsuura
Kristanna_Loken_0003,Kristanna_Loken
Kristanna_Loken_0004,Kristanna_Loken
Kristin_Davis_0003,Kristin_Davis
Kristin_Scott_0001,Kristin_Scott
Kurt_Russell_0002,Kurt_Russell
Kurt_Schottenheimer_0001,Kurt_Schottenheimer
Kwame_Kilpatrick_0001,Kwame_Kilpatrick
Kweisi_Mfume_0001,Kweisi_Mfume
Lachlan_Murdoch_0001,Lachlan_Murdoch
Laila_Ali_0001,Laila_Ali
Lance_Armstrong_0005,Lance_Armstrong
Lance_Armstrong_0006,Lance_Armstrong
Lance_Armstrong_0015,Lance_Armstrong
Lance_Armstrong_0016,Lance_Armstrong
Lane_Bryant_0001,Lane_Bryant
Lane_Odom_0001,Lane_Odom
Larry_Brown_0003,Larry_Brown
Larry_Brown_0004,Larry_Brown
Larry_Donald_0001,Larry_Donald
Larry_Ellison_0001,Larry_Ellison
Larry_Johnson_0001,Larry_Johnson
Larry_Johnson_0002,Larry_Johnson
Larry_Templeton_0001,Larry_Templeton
Larry_Thompson_0001,Larry_Thompson
Laszlo_Kovacs_0001,Laszlo_Kovacs
Latrell_Sprewell_0001,Latrell_Sprewell
Laura_Bush_0007,Laura_Bush
Laura_Bush_0008,Laura_Bush
Laura_Bush_0017,Laura_Bush
Laura_Bush_0018,Laura_Bush
Laura_Bush_0027,Laura_Bush
Laura_Bush_0028,Laura_Bush
Laura_Bush_0037,Laura_Bush
Laura_Bush_0038,Laura_Bush
Laura_Linney_0001,Laura_Linney
Laura_Linney_0002,Laura_Linney
Laurel_Clark_0001,Laurel_Clark
Lauren_Hutton_0001,Lauren_Hutton
Laurent_Jalabert_0002,Laurent_Jalabert
Laurent_Woulzy_0001,Laurent_Woulzy
Lawrence_Roberts_0001,Lawrence_Roberts
Lawrence_Vito_0001,Lawrence_Vito
Leandro_Garcia_0001,Leandro_Garcia
LeAnn_Rimes_0001,LeAnn_Rimes
Lee_Ann_Knight_0001,Lee_Ann_Knight
Lee_Ann_Terlaji_0001,Lee_Ann_Terlaji
Lee_Hong-ki_0001,Lee_Hong-ki
Lee_Hyung-taik_0001,Lee_Hyung-taik
Lee_Yeo-jin_0001,Lee_Yeo-jin
Lee_Yuan-tseh_0001,Lee_Yuan-tseh
Lena_Katina_0001,Lena_Katina
Lena_Olin_0001,Lena_Olin
Lenny_Wilkens_0002,Lenny_Wilkens
Lenny_Wilkens_0003,Lenny_Wilkens
Leonard_Hamilton_0001,Leonard_Hamilton
Leonard_Hamilton_0002,Leonard_Hamilton
Leonardo_DiCaprio_0007,Leonardo_DiCaprio
Leonardo_DiCaprio_0008,Leonardo_DiCaprio
LeRoy_Millette_Jr_0001,LeRoy_Millette_Jr
Lesia_Burlak_0001,Lesia_Burlak
Leslie_Caldwell_0002,Leslie_Caldwell
Leslie_Caldwell_0003,Leslie_Caldwell
Leticia_Van_de_Putte_0001,Leticia_Van_de_Putte
Leuris_Pupo_0001,Leuris_Pupo
Li_Peng_0005,Li_Peng
Li_Peng_0006,Li_Peng
Li_Zhaoxing_0005,Li_Zhaoxing
Li_Zhaoxing_0006,Li_Zhaoxing
Lili_Taylor_0001,Lili_Taylor
Lili_Taylor_0002,Lili_Taylor
Lin_Yung_Hsi_0001,Lin_Yung_Hsi
Lina_Krasnoroutskaya_0001,Lina_Krasnoroutskaya
Linda_Mason_0001,Linda_Mason
Linda_Sanchez_0001,Linda_Sanchez
Lindsay_Davenport_0007,Lindsay_Davenport
Lindsay_Davenport_0008,Lindsay_Davenport
Lindsay_Davenport_0017,Lindsay_Davenport
Lindsay_Davenport_0018,Lindsay_Davenport
Linn_Thornton_0001,Linn_Thornton
Lino_Oviedo_0001,Lino_Oviedo
Lisa_Gottsegen_0001,Lisa_Gottsegen
Lisa_Gottsegen_0002,Lisa_Gottsegen
Lisa_Raymond_0001,Lisa_Raymond
Lisa_Raymond_0002,Lisa_Raymond
Liza_Minnelli_0002,Liza_Minnelli
Liza_Minnelli_0003,Liza_Minnelli
Lleyton_Hewitt_0002,Lleyton_Hewitt
Lleyton_Hewitt_0003,Lleyton_Hewitt
Lleyton_Hewitt_0012,Lleyton_Hewitt
Lleyton_Hewitt_0013,Lleyton_Hewitt
Lleyton_Hewitt_0022,Lleyton_Hewitt
Lleyton_Hewitt_0023,Lleyton_Hewitt
Lleyton_Hewitt_0032,Lleyton_Hewitt
Lleyton_Hewitt_0033,Lleyton_Hewitt
Lloyd_Mudiwa_0001,Lloyd_Mudiwa
Lloyd_Novick_0001,Lloyd_Novick
Lope_Mendoza_0001,Lope_Mendoza
Lord_Hutton_0001,Lord_Hutton
Lou_Piniella_0002,Lou_Piniella
Lou_Piniella_0003,Lou_Piniella
Lucia_Kenny_Anthony_0001,Lucia_Kenny_Anthony
Luciano_Bovicelli_0001,Luciano_Bovicelli
Lucio_Gutierrez_0003,Lucio_Gutierrez
Lucio_Gutierrez_0004,Lucio_Gutierrez
Lucio_Gutierrez_0013,Lucio_Gutierrez
Lucio_Stanca_0001,Lucio_Stanca
Ludivine_Sagnier_0003,Ludivine_Sagnier
Ludivine_Sagnier_0004,Ludivine_Sagnier
Luis_Ernesto_Derbez_Bautista_0006,Luis_Ernesto_Derbez_Bautista
Luis_Figo_0001,Luis_Figo
Luis_Gonzalez_Macchi_0004,Luis_Gonzalez_Macchi
Luis_Gonzalez_Macchi_0005,Luis_Gonzalez_Macchi
Luis_Rosario_Huertas_0001,Luis_Rosario_Huertas
Luis_Sanchez_0001,Luis_Sanchez
Luiz_Inacio_Lula_da_Silva_0007,Luiz_Inacio_Lula_da_Silva
Luiz_Inacio_Lula_da_Silva_0008,Luiz_Inacio_Lula_da_Silva
Luiz_Inacio_Lula_da_Silva_0017,Luiz_Inacio_Lula_da_Silva
Luiz_Inacio_Lula_da_Silva_0018,Luiz_Inacio_Lula_da_Silva
Luiz_Inacio_Lula_da_Silva_0027,Luiz_Inacio_Lula_da_Silva
Luiz_Inacio_Lula_da_Silva_0028,Luiz_Inacio_Lula_da_Silva
Luiz_Inacio_Lula_da_Silva_0037,Luiz_Inacio_Lula_da_Silva
Luiz_Inacio_Lula_da_Silva_0038,Luiz_Inacio_Lula_da_Silva
Luiz_Inacio_Lula_da_Silva_0047,Luiz_Inacio_Lula_da_Silva
Luiz_Inacio_Lula_da_Silva_0048,Luiz_Inacio_Lula_da_Silva
Lyle_Lovett_0001,Lyle_Lovett
Lyle_Vanclief_0001,Lyle_Vanclief
Lynne_Cheney_0003,Lynne_Cheney
Lynne_Slepian_0001,Lynne_Slepian
Madge_Overhouse_0001,Madge_Overhouse
Madonna_0001,Madonna
Magdalena_Maleeva_0003,Magdalena_Maleeva
Maggie_Cheung_0001,Maggie_Cheung
Mahathir_Mohamad_0004,Mahathir_Mohamad
Mahathir_Mohamad_0005,Mahathir_Mohamad
Mahathir_Mohamad_0014,Mahathir_Mohamad
Mahdi_Al_Bassam_0001,Mahdi_Al_Bassam
Mahmoud_Abbas_0007,Mahmoud_Abbas
Mahmoud_Abbas_0008,Mahmoud_Abbas
Mahmoud_Abbas_0017,Mahmoud_Abbas
Mahmoud_Abbas_0018,Mahmoud_Abbas
Mahmoud_Abbas_0027,Mahmoud_Abbas
Mahmoud_Abbas_0028,Mahmoud_Abbas
Malak_Habbak_0001,Malak_Habbak
Malcolm_Glazer_0001,Malcolm_Glazer
Manuel_Gehring_0001,Manuel_Gehring
Manuel_Jesus_0001,Manuel_Jesus
Marat_Safin_0002,Marat_Safin
Marat_Safin_0003,Marat_Safin
Marc_Grossman_0004,Marc_Grossman
Marc_Leger_0001,Marc_Leger
Marcelo_Rios_0002,Marcelo_Rios
Marcelo_Rios_0003,Marcelo_Rios
Marco_Antonio_Barrera_0003,Marco_Antonio_Barrera
Marco_Antonio_Barrera_0004,Marco_Antonio_Barrera
Marcus_Allen_0001,Marcus_Allen
Marcus_Garrettson_0001,Marcus_Garrettson
Margerry_Bakley_0001,Margerry_Bakley
Margie_Puente_0001,Margie_Puente
Maria_Sanchez_Lorenzo_0001,Maria_Sanchez_Lorenzo
Maria_Shkolnikova_0001,Maria_Shkolnikova
Maria_Simon_0001,Maria_Simon
Maria_Soledad_Alvear_Valenzuela_0001,Maria_Soledad_Alvear_Valenzuela
Mariah_Carey_0004,Mariah_Carey
Mariah_Carey_0005,Mariah_Carey
Mariana_Pollack_0003,Mariana_Pollack
Mariangel_Ruiz_Torrealba_0001,Mariangel_Ruiz_Torrealba
Marie_Haghal_0001,Marie_Haghal
Marieta_Chrousala_0001,Marieta_Chrousala
Marina_Kuptsova_0001,Marina_Kuptsova
Marina_Silva_0001,Marina_Silva
Mario_Jardel_0001,Mario_Jardel
Mario_Kreutzberger_0001,Mario_Kreutzberger
Marisa_Tomei_0002,Marisa_Tomei
Marisol_Breton_0001,Marisol_Breton
Mark_Cuban_0001,Mark_Cuban
Mark_Cuban_0002,Mark_Cuban
Mark_Gottfried_0002,Mark_Gottfried
Mark_Gottfried_0003,Mark_Gottfried
Mark_Hurlbert_0003,Mark_Hurlbert
Mark_Hurlbert_0004,Mark_Hurlbert
Mark_Mishkin_0001,Mark_Mishkin
Mark_Mulder_0001,Mark_Mulder
Mark_Philippoussis_0009,Mark_Philippoussis
Mark_Philippoussis_0010,Mark_Philippoussis
Mark_Sacco_0001,Mark_Sacco
Mark_Salter_0001,Mark_Salter
Mark_Wahlberg_0003,Mark_Wahlberg
Mark_Wahlberg_0004,Mark_Wahlberg
Marquier_Montano_Contreras_0001,Marquier_Montano_Contreras
Marquis_Estill_0001,Marquis_Estill
Martha_Bowen_0002,Martha_Bowen
Martha_Burk_0001,Martha_Burk
Martha_Sahagun_de_Fox_0001,Martha_Sahagun_de_Fox
Martha_Smith_0001,Martha_Smith
Martin_Brodeur_0001,Martin_Brodeur
Martin_Brodeur_0002,Martin_Brodeur
Martin_Howard_0001,Martin_Howard
Martin_Keown_0001,Martin_Keown
Martin_McGuinness_0003,Martin_McGuinness
Martin_McGuinness_0004,Martin_McGuinness
Martin_Scorsese_0006,Martin_Scorsese
Martin_Scorsese_0007,Martin_Scorsese
Martina_Hingis_0002,Martina_Hingis
Martina_Hingis_0003,Martina_Hingis
Marvan_Atapattu_0001,Marvan_Atapattu
Marwan_Barghouthi_0001,Marwan_Barghouthi
Mary_Carey_0001,Mary_Carey
Mary_Carey_0002,Mary_Carey
Mary_Katherine_Smart_0001,Mary_Katherine_Smart
Mary_Landrieu_0001,Mary_Landrieu
Mary_Steenburgen_0001,Mary_Steenburgen
Mary_Steenburgen_0002,Mary_Steenburgen
Masamori_Tokuyama_0001,Masamori_Tokuyama
Masao_Azuma_0001,Masao_Azuma
Mathias_Reichhold_0002,Mathias_Reichhold
Mathias_Reichhold_0003,Mathias_Reichhold
Matt_Dillon_0002,Matt_Dillon
Matt_Dillon_0003,Matt_Dillon
Matt_Walters_0001,Matt_Walters
Matt_Welsh_0001,Matt_Welsh
Matthew_Perry_0002,Matthew_Perry
Matthew_Perry_0003,Matthew_Perry
Maureen_Fanning_0002,Maureen_Fanning
Maureen_Kanka_0001,Maureen_Kanka
Max_Mayfield_0001,Max_Mayfield
Max_Mayfield_0002,Max_Mayfield
Megan_Mullally_0001,Megan_Mullally
Megan_Mullally_0002,Megan_Mullally
Megawati_Sukarnoputri_0008,Megawati_Sukarnoputri
Megawati_Sukarnoputri_0009,Megawati_Sukarnoputri
Megawati_Sukarnoputri_0018,Megawati_Sukarnoputri
Megawati_Sukarnoputri_0019,Megawati_Sukarnoputri
Megawati_Sukarnoputri_0028,Megawati_Sukarnoputri
Megawati_Sukarnoputri_0029,Megawati_Sukarnoputri
Mehmet_Okur_0001,Mehmet_Okur
Meirion_Evans_0001,Meirion_Evans
Melanie_Griffith_0002,Melanie_Griffith
Melanie_Griffith_0003,Melanie_Griffith
Melissa_Manchester_0001,Melissa_Manchester
Melissa_Mulloy_0001,Melissa_Mulloy
Meryl_Streep_0006,Meryl_Streep
Meryl_Streep_0007,Meryl_Streep
Mesut_Yilmaz_0001,Mesut_Yilmaz
Mesut_Yilmaz_0002,Mesut_Yilmaz
Michael_Arif_0001,Michael_Arif
Michael_Ballack_0001,Michael_Ballack
Michael_Bloomberg_0007,Michael_Bloomberg
Michael_Bloomberg_0008,Michael_Bloomberg
Michael_Bloomberg_0017,Michael_Bloomberg
Michael_Bloomberg_0018,Michael_Bloomberg
Michael_Caine_0002,Michael_Caine
Michael_Caine_0003,Michael_Caine
Michael_Chang_0006,Michael_Chang
Michael_Chang_0007,Michael_Chang
Michael_Dell_0001,Michael_Dell
Michael_DeMinico_0001,Michael_DeMinico
Michael_Douglas_0004,Michael_Douglas
Michael_Douglas_0005,Michael_Douglas
Michael_Hoffa_0001,Michael_Hoffa
Michael_J_Fox_0001,Michael_J_Fox
Michael_Jackson_0007,Michael_Jackson
Michael_Jackson_0008,Michael_Jackson
Michael_Jordan_0004,Michael_Jordan
Michael_Kahn_0001,Michael_Kahn
Michael_Leavitt_0002,Michael_Leavitt
Michael_Lechner_0001,Michael_Lechner
Michael_Munoz_0001,Michael_Munoz
Michael_Olowokandi_0001,Michael_Olowokandi
Michael_Phelps_0005,Michael_Phelps
Michael_Piuze_0001,Michael_Piuze
Michael_Schumacher_0002,Michael_Schumacher
Michael_Schumacher_0003,Michael_Schumacher
Michael_Schumacher_0012,Michael_Schumacher
Michael_Schumacher_0013,Michael_Schumacher
Michael_Smith_Foster_0001,Michael_Smith_Foster
Michael_Stark_0001,Michael_Stark
Michalis_Chrisohoides_0001,Michalis_Chrisohoides
Micheal_Jourdain_Jr_0001,Micheal_Jourdain_Jr
Michel_Therrien_0002,Michel_Therrien
Michelangelo_Antonioni_0001,Michelangelo_Antonioni
Michelle_Kwan_0001,Michelle_Kwan
Michelle_Kwan_0002,Michelle_Kwan
Michelle_Pfeiffer_0002,Michelle_Pfeiffer
Michelle_Pfeiffer_0003,Michelle_Pfeiffer
Mick_Jagger_0002,Mick_Jagger
Mick_Jagger_0003,Mick_Jagger
Micky_Ward_0001,Micky_Ward
Miguel_Aldana_Ibarra_0001,Miguel_Aldana_Ibarra
Miguel_Juarez_Perez_0001,Miguel_Juarez_Perez
Miguel_Rosseto_0001,Miguel_Rosseto
Mike_Carona_0001,Mike_Carona
Mike_Cunning_0001,Mike_Cunning
Mike_Helton_0001,Mike_Helton
Mike_Helton_0002,Mike_Helton
Mike_Krzyzewski_0006,Mike_Krzyzewski
Mike_Leach_0001,Mike_Leach
Mike_Matheny_0001,Mike_Matheny
Mike_Matthews_0001,Mike_Matthews
Mike_Myers_0005,Mike_Myers
Mike_Myers_0006,Mike_Myers
Mike_Sherman_0001,Mike_Sherman
Mike_Slive_0001,Mike_Slive
Mike_Tyson_0003,Mike_Tyson
Mike_Tyson_0004,Mike_Tyson
Mike_Weir_0008,Mike_Weir
Mike_Weir_0009,Mike_Weir
Mikhail_Kasyanov_0004,Mikhail_Kasyanov
Mikhail_Khodorkovsky_0001,Mikhail_Khodorkovsky
Mikulas_Dzurinda_0001,Mikulas_Dzurinda
Mikulas_Dzurinda_0002,Mikulas_Dzurinda
Milo_Maestrecampo_0001,Milo_Maestrecampo
Milo_Maestrecampo_0002,Milo_Maestrecampo
Mira_Sorvino_0001,Mira_Sorvino
Miranda_Gaddis_0001,Miranda_Gaddis
Mireya_Moscoso_0005,Mireya_Moscoso
Miroljub_0001,Miroljub
Mitchell_Daniels_0003,Mitchell_Daniels
Mitchell_Daniels_0004,Mitchell_Daniels
Mitzi_Gaynor_0001,Mitzi_Gaynor
Miyako_Miyazaki_0001,Miyako_Miyazaki
Mohamed_ElBaradei_0003,Mohamed_ElBaradei
Mohamed_ElBaradei_0004,Mohamed_ElBaradei
Mohammad_Fares_0001,Mohammad_Fares
Mohammad_Hasanein_0001,Mohammad_Hasanein
Mohammad_Khatami_0009,Mohammad_Khatami
Mohammad_Khatami_0010,Mohammad_Khatami
Mohammed_Al-Douri_0005,Mohammed_Al-Douri
Mohammed_Al-Douri_0006,Mohammed_Al-Douri
Mohammed_Al-Douri_0015,Mohammed_Al-Douri
Mohammed_Al_Hindi_0001,Mohammed_Al_Hindi
Momcilo_Perisic_0001,Momcilo_Perisic
Momir_Nikolic_0001,Momir_Nikolic
Monica_Lewinsky_0001,Monica_Lewinsky
Monica_Lewinsky_0002,Monica_Lewinsky
Monica_Vergara_0001,Monica_Vergara
Monique_Ferreira_0001,Monique_Ferreira
Morgan_Freeman_0002,Morgan_Freeman
Morgan_Hentzen_0001,Morgan_Hentzen
Mstislav_Rostropovich_0001,Mstislav_Rostropovich
Muammar_Gaddafi_0001,Muammar_Gaddafi
Muhammad_Ali_0006,Muhammad_Ali
Muhammad_Ali_0007,Muhammad_Ali
Muhammad_Saeed_al-Sahhaf_0005,Muhammad_Saeed_al-Sahhaf
Mukesh_Ambani_0001,Mukesh_Ambani
Nabil_Shaath_0001,Nabil_Shaath
Nabil_Shaath_0002,Nabil_Shaath
Nadine_Vinzens_0002,Nadine_Vinzens
Naji_Sabri_0001,Naji_Sabri
Namuddu_Florence_0001,Namuddu_Florence
Nan_Wang_0001,Nan_Wang
Nancy_Pelosi_0001,Nancy_Pelosi
Nancy_Pelosi_0002,Nancy_Pelosi
Nancy_Pelosi_0011,Nancy_Pelosi
Nancy_Pelosi_0012,Nancy_Pelosi
Nancy_Smith_0001,Nancy_Smith
Nanni_Moretti_0001,Nanni_Moretti
Naomi_Watts_0004,Naomi_Watts
Naomi_Watts_0005,Naomi_Watts
Naomi_Watts_0014,Naomi_Watts
Naomi_Watts_0015,Naomi_Watts
Naoto_Kan_0002,Naoto_Kan
Naoto_Kan_0003,Naoto_Kan
Natalia_Dmitrieva_0001,Natalia_Dmitrieva
Natalia_Motuziuk_0001,Natalia_Motuziuk
Natalie_Coughlin_0004,Natalie_Coughlin
Natalie_Coughlin_0005,Natalie_Coughlin
Natalie_Stewart_0001,Natalie_Stewart
Natalie_Williams_0001,Natalie_Williams
Nate_Blackwell_0001,Nate_Blackwell
Nate_Huffman_0001,Nate_Huffman
Nathan_Doudney_0001,Nathan_Doudney
Nathan_Lane_0001,Nathan_Lane
Neil_Moritz_0001,Neil_Moritz
Nelson_Acosta_0001,Nelson_Acosta
Nestor_Kirchner_0001,Nestor_Kirchner
Nestor_Kirchner_0002,Nestor_Kirchner
Nestor_Kirchner_0011,Nestor_Kirchner
Nestor_Kirchner_0012,Nestor_Kirchner
Nestor_Kirchner_0021,Nestor_Kirchner
Nestor_Kirchner_0022,Nestor_Kirchner
Nestor_Kirchner_0031,Nestor_Kirchner
Nestor_Kirchner_0032,Nestor_Kirchner
Nia_Vardalos_0001,Nia_Vardalos
Nia_Vardalos_0002,Nia_Vardalos
Nicanor_Duarte_Frutos_0005,Nicanor_Duarte_Frutos
Nicanor_Duarte_Frutos_0006,Nicanor_Duarte_Frutos
Nicholas_Tse_0002,Nicholas_Tse
Nicholoas_DiMarzio_0001,Nicholoas_DiMarzio
Nick_Rahall_0001,Nick_Rahall
Nick_Reilly_0001,Nick_Reilly
Nicolas_Cage_0004,Nicolas_Cage
Nicolas_Escude_0001,Nicolas_Escude
Nicolas_Sarkozy_0001,Nicolas_Sarkozy
Nicole_0001,Nicole
Nicole_Kidman_0008,Nicole_Kidman
Nicole_Kidman_0009,Nicole_Kidman
Nicole_Kidman_0018,Nicole_Kidman
Nicole_Kidman_0019,Nicole_Kidman
Nikki_Teasley_0001,Nikki_Teasley
Nikolay_Davydenko_0001,Nikolay_Davydenko
Nobuyuki_Idei_0001,Nobuyuki_Idei
Noel_Forgeard_0001,Noel_Forgeard
Nong_Duc_Manh_0001,Nong_Duc_Manh
Noor_Mohammed_0001,Noor_Mohammed
Norah_Jones_0006,Norah_Jones
Norah_Jones_0007,Norah_Jones
Norbert_van_Heyst_0001,Norbert_van_Heyst
Norio_Ohga_0001,Norio_Ohga
Norman_Jewison_0001,Norman_Jewison
Norman_Jewison_0002,Norman_Jewison
Nuon_Chea_0001,Nuon_Chea
Nur_Jaafar_0001,Nur_Jaafar
Oleksandr_Moroz_0001,Oleksandr_Moroz
Oleksandr_Moroz_0002,Oleksandr_Moroz
Olivia_Newton-John_0002,Olivia_Newton-John
Olivier_Boulay_0001,Olivier_Boulay
Omar_Vizquel_0001,Omar_Vizquel
Ontario_Lett_0001,Ontario_Lett
Ornella_Muti_0001,Ornella_Muti
Orrin_Hatch_0001,Orrin_Hatch
Oscar_De_La_Hoya_0002,Oscar_De_La_Hoya
Oscar_De_La_Hoya_0003,Oscar_De_La_Hoya
Osmond_Smith_0001,Osmond_Smith
Osrat_Iosef_0001,Osrat_Iosef
Owen_Nolan_0001,Owen_Nolan
Owen_Wilson_0001,Owen_Wilson
Ozzy_Osbourne_0003,Ozzy_Osbourne
Pa_Kou_Hang_0001,Pa_Kou_Hang
Paek_Nam_Sun_0001,Paek_Nam_Sun
Paige_Fitzgerald_0001,Paige_Fitzgerald
Paradorn_Srichaphan_0001,Paradorn_Srichaphan
Paradorn_Srichaphan_0002,Paradorn_Srichaphan
Paris_Hilton_0001,Paris_Hilton
Paris_Hilton_0002,Paris_Hilton
Pascal_Lamy_0002,Pascal_Lamy
Pascal_Quignard_0001,Pascal_Quignard
Pat_Riley_0001,Pat_Riley
Pat_Rochester_0001,Pat_Rochester
Patricia_Clarkson_0004,Patricia_Clarkson
Patricia_Garone_0001,Patricia_Garone
Patrick_Bourrat_0001,Patrick_Bourrat
Patrick_Clawsen_0001,Patrick_Clawsen
Patrick_McEnroe_0001,Patrick_McEnroe
Patrick_McEnroe_0002,Patrick_McEnroe
Patsy_Mink_0001,Patsy_Mink
Patti_Balgojevich_0001,Patti_Balgojevich
Patty_Schnyder_0003,Patty_Schnyder
Patty_Schnyder_0004,Patty_Schnyder
Paul_Bremer_0003,Paul_Bremer
Paul_Bremer_0004,Paul_Bremer
Paul_Bremer_0013,Paul_Bremer
Paul_Bremer_0014,Paul_Bremer
Paul_Burrell_0003,Paul_Burrell
Paul_Burrell_0004,Paul_Burrell
Paul_Byrd_0002,Paul_Byrd
Paul_Celluci_0001,Paul_Celluci
Paul_Gannon_0001,Paul_Gannon
Paul_Gascoigne_0001,Paul_Gascoigne
Paul_Kagame_0002,Paul_Kagame
Paul_Kariya_0001,Paul_Kariya
Paul_Martin_0002,Paul_Martin
Paul_Martin_0003,Paul_Martin
Paul_McCartney_0004,Paul_McCartney
Paul_McCartney_0005,Paul_McCartney
Paul_ONeill_0002,Paul_ONeill
Paul_ONeill_0003,Paul_ONeill
Paul_Patton_0002,Paul_Patton
Paul_Pierce_0001,Paul_Pierce
Paul_Shanley_0003,Paul_Shanley
Paul_Tagliabue_0001,Paul_Tagliabue
Paul_Wellstone_0002,Paul_Wellstone
Paul_Wellstone_0003,Paul_Wellstone
Paul_Wolfowitz_0006,Paul_Wolfowitz
Paul_Wolfowitz_0007,Paul_Wolfowitz
Paula_Radcliffe_0001,Paula_Radcliffe
Paula_Radcliffe_0002,Paula_Radcliffe
Paulina_Rodriguez_Davila_0001,Paulina_Rodriguez_Davila
Pauline_Landers_0001,Pauline_Landers
Pedro_Almodovar_0006,Pedro_Almodovar
Pedro_Almodovar_0007,Pedro_Almodovar
Pedro_Martinez_0001,Pedro_Martinez
Pedro_Pauleta_0001,Pedro_Pauleta
Penelope_Ann_Miller_0002,Penelope_Ann_Miller
Penelope_Cruz_0001,Penelope_Cruz
Perri_Shaw_0001,Perri_Shaw
Perry_Compton_0001,Perry_Compton
Pervez_Musharraf_0007,Pervez_Musharraf
Pervez_Musharraf_0008,Pervez_Musharraf
Pervez_Musharraf_0017,Pervez_Musharraf
Pervez_Musharraf_0018,Pervez_Musharraf
Pete_Sampras_0001,Pete_Sampras
Pete_Sampras_0002,Pete_Sampras
Pete_Sampras_0011,Pete_Sampras
Pete_Sampras_0012,Pete_Sampras
Pete_Sampras_0021,Pete_Sampras
Pete_Sampras_0022,Pete_Sampras
Peter_Care_0001,Peter_Care
Peter_Caruana_0001,Peter_Caruana
Peter_Goldmark_0001,Peter_Goldmark
Peter_Greenaway_0001,Peter_Greenaway
Peter_Hollingworth_0001,Peter_Hollingworth
Peter_Holmberg_0001,Peter_Holmberg
Peter_OToole_0001,Peter_OToole
Peter_Rasch_0001,Peter_Rasch
Peter_Struck_0005,Peter_Struck
Peter_Ueberroth_0001,Peter_Ueberroth
Phan_Van_Khai_0002,Phan_Van_Khai
Phan_Van_Khai_0003,Phan_Van_Khai
Phil_Jackson_0001,Phil_Jackson
Phil_Johnson_0001,Phil_Johnson
Philip_Zalewski_0001,Philip_Zalewski
Philippe_Gagnon_0001,Philippe_Gagnon
Pier_Ferdinando_Casini_0001,Pier_Ferdinando_Casini
Pierce_Brosnan_0001,Pierce_Brosnan
Pierce_Brosnan_0010,Pierce_Brosnan
Pierce_Brosnan_0011,Pierce_Brosnan
Pierre_Pettigrew_0001,Pierre_Pettigrew
Pierre_Pettigrew_0002,Pierre_Pettigrew
Piotr_Anderszewski_0001,Piotr_Anderszewski
Placido_Domingo_0001,Placido_Domingo
Prem_Kumar_Nair_0001,Prem_Kumar_Nair
Prince_Charles_0001,Prince_Charles
Prince_Edward_0001,Prince_Edward
Prince_Edward_0002,Prince_Edward
Prince_Rainier_III_0001,Prince_Rainier_III
Prince_Willem-Alexander_0001,Prince_Willem-Alexander
Princess_Caroline_0001,Princess_Caroline
Princess_Caroline_0002,Princess_Caroline
Princess_Masako_0002,Princess_Masako
Princess_Maxima_0001,Princess_Maxima
Prospero_Pichay_0001,Prospero_Pichay
Pupi_Avati_0001,Pupi_Avati
Queen_Beatrix_0001,Queen_Beatrix
Queen_Beatrix_0002,Queen_Beatrix
Queen_Elizabeth_II_0007,Queen_Elizabeth_II
Queen_Elizabeth_II_0008,Queen_Elizabeth_II
Queen_Latifah_0004,Queen_Latifah
Queen_Noor_0001,Queen_Noor
Quincy_Jones_0001,Quincy_Jones
Qusai_Hussein_0001,Qusai_Hussein
Rachel_Hunter_0003,Rachel_Hunter
Rachel_Hunter_0004,Rachel_Hunter
Rafael_Ramirez_0001,Rafael_Ramirez
Rafael_Ramirez_0002,Rafael_Ramirez
Rahul_Dravid_0001,Rahul_Dravid
Rainer_Geulen_0001,Rainer_Geulen
Raja_Ramani_0001,Raja_Ramani
Raja_Zafar-ul-Haq_0001,Raja_Zafar-ul-Haq
Ralph_Fiennes_0001,Ralph_Fiennes
Ralph_Firman_0001,Ralph_Firman
Ralph_Sampson_0001,Ralph_Sampson
Ramiro_Goben_Reducindo_0001,Ramiro_Goben_Reducindo
Randall_Tobias_0001,Randall_Tobias
Randy_Brown_0001,Randy_Brown
Ranil_Wickremasinghe_0003,Ranil_Wickremasinghe
Raoul_Ruiz_0001,Raoul_Ruiz
Raul_Chacon_0001,Raul_Chacon
Raul_Cubas_0001,Raul_Cubas
Ray_Bradbury_0001,Ray_Bradbury
Ray_Evernham_0001,Ray_Evernham
Ray_Romano_0001,Ray_Romano
Ray_Romano_0002,Ray_Romano
Ray_Wasden_0001,Ray_Wasden
Ray_Young_0001,Ray_Young
Rebecca_Romijn-Stamos_0004,Rebecca_Romijn-Stamos
Rebekah_Chantay_Revels_0001,Rebekah_Chantay_Revels
Recep_Tayyip_Erdogan_0006,Recep_Tayyip_Erdogan
Recep_Tayyip_Erdogan_0007,Recep_Tayyip_Erdogan
Recep_Tayyip_Erdogan_0016,Recep_Tayyip_Erdogan
Recep_Tayyip_Erdogan_0017,Recep_Tayyip_Erdogan
Recep_Tayyip_Erdogan_0026,Recep_Tayyip_Erdogan
Recep_Tayyip_Erdogan_0027,Recep_Tayyip_Erdogan
Reggie_Lewis_0001,Reggie_Lewis
Reggie_Miller_0001,Reggie_Miller
Renato_Soru_0001,Renato_Soru
Rene_Antonio_Leon_Rodriguez_0001,Rene_Antonio_Leon_Rodriguez
Renee_Zellweger_0008,Renee_Zellweger
Renee_Zellweger_0009,Renee_Zellweger
Retief_Goosen_0001,Retief_Goosen
Rey_Sanchez_0001,Rey_Sanchez
Ricardo_Lagos_0006,Ricardo_Lagos
Ricardo_Lagos_0007,Ricardo_Lagos
Ricardo_Lagos_0016,Ricardo_Lagos
Ricardo_Lagos_0017,Ricardo_Lagos
Ricardo_Lagos_0026,Ricardo_Lagos
Ricardo_Lagos_0027,Ricardo_Lagos
Ricardo_Sanchez_0002,Ricardo_Sanchez
Ricardo_Sanchez_0003,Ricardo_Sanchez
Richard_Armitage_0002,Richard_Armitage
Richard_Armitage_0003,Richard_Armitage
Richard_Branson_0002,Richard_Branson
Richard_Butler_0001,Richard_Butler
Richard_Fine_0001,Richard_Fine
Richard_Gephardt_0001,Richard_Gephardt
Richard_Gephardt_0010,Richard_Gephardt
Richard_Gephardt_0011,Richard_Gephardt
Richard_Gere_0009,Richard_Gere
Richard_Gere_0010,Richard_Gere
Richard_Krajicek_0001,Richard_Krajicek
Richard_Krajicek_0002,Richard_Krajicek
Richard_Myers_0004,Richard_Myers
Richard_Myers_0005,Richard_Myers
Richard_Myers_0014,Richard_Myers
Richard_Myers_0015,Richard_Myers
Richard_Paul_Evans_0001,Richard_Paul_Evans
Richard_Penniman_0001,Richard_Penniman
Richard_Shelby_0002,Richard_Shelby
Richard_Sterner_0001,Richard_Sterner
Richard_Virenque_0008,Richard_Virenque
Richard_Ward_0001,Richard_Ward
Rick_Carlisle_0002,Rick_Carlisle
Rick_Carlisle_0003,Rick_Carlisle
Rick_Perry_0002,Rick_Perry
Rick_Perry_0003,Rick_Perry
Rick_Rickert_0001,Rick_Rickert
Rick_Romley_0001,Rick_Romley
Rick_Wagoner_0001,Rick_Wagoner
Rick_Wagoner_0002,Rick_Wagoner
Ricky_Ray_0001,Ricky_Ray
Ridley_Scott_0001,Ridley_Scott
Rita_Grande_0003,Rita_Grande
Rita_Moreno_0001,Rita_Moreno
Rob_Lowe_0004,Rob_Lowe
Rob_Marshall_0001,Rob_Marshall
Rob_Ramsay_0001,Rob_Ramsay
Rob_Schneider_0001,Rob_Schneider
Robbie_Williams_0003,Robbie_Williams
Robby_Ginepri_0001,Robby_Ginepri
Robert_Blake_0004,Robert_Blake
Robert_Blake_0005,Robert_Blake
Robert_De_Niro_0001,Robert_De_Niro
Robert_De_Niro_0002,Robert_De_Niro
Robert_Durst_0001,Robert_Durst
Robert_Duvall_0001,Robert_Duvall
Robert_Ehrlich_0002,Robert_Ehrlich
Robert_Evans_0001,Robert_Evans
Robert_Hanssen_0001,Robert_Hanssen
Robert_Horan_0001,Robert_Horan
Robert_Korzeniowski_0001,Robert_Korzeniowski
Robert_Lange_0001,Robert_Lange
Robert_Mueller_0005,Robert_Mueller
Robert_Mugabe_0001,Robert_Mugabe
Robert_Redford_0005,Robert_Redford
Robert_Redford_0006,Robert_Redford
Robert_Towne_0001,Robert_Towne
Robert_Tyrrell_0001,Robert_Tyrrell
Robert_Zoellick_0002,Robert_Zoellick
Robert_Zoellick_0003,Robert_Zoellick
Roberto_Canessa_0001,Roberto_Canessa
Roberto_Carlos_0001,Roberto_Carlos
Roberto_Marinho_0001,Roberto_Marinho
Roberto_Marinho_0002,Roberto_Marinho
Robin_McLaurin_Williams_0002,Robin_McLaurin_Williams
Robin_Tunney_0001,Robin_Tunney
Rod_Bryden_0001,Rod_Bryden
Rod_Jong-il_0001,Rod_Jong-il
Rodrigo_Borja_0001,Rodrigo_Borja
Rodrigo_Borja_0002,Rodrigo_Borja
Roger_Corbett_0001,Roger_Corbett
Roger_Daltrey_0001,Roger_Daltrey
Roger_Federer_0008,Roger_Federer
Roger_Federer_0009,Roger_Federer
Roger_Machado_0001,Roger_Machado
Roger_Mahony_0001,Roger_Mahony
Roger_Toussaint_0001,Roger_Toussaint
Roger_Winter_0001,Roger_Winter
Roh_Moo-hyun_0007,Roh_Moo-hyun
Roh_Moo-hyun_0008,Roh_Moo-hyun
Roh_Moo-hyun_0017,Roh_Moo-hyun
Roh_Moo-hyun_0018,Roh_Moo-hyun
Roh_Moo-hyun_0027,Roh_Moo-hyun
Roh_Moo-hyun_0028,Roh_Moo-hyun
Rolandas_Paksas_0002,Rolandas_Paksas
Rolf_Eckrodt_0001,Rolf_Eckrodt
Roman_Polanski_0003,Roman_Polanski
Roman_Polanski_0004,Roman_Polanski
Romano_Prodi_0006,Romano_Prodi
Romano_Prodi_0007,Romano_Prodi
Ron_Dittemore_0007,Ron_Dittemore
Ron_Dittemore_0008,Ron_Dittemore
Ronald_Ito_0001,Ronald_Ito
Ronald_Kadish_0001,Ronald_Kadish
Ronaldo_Luis_Nazario_de_Lima_0001,Ronaldo_Luis_Nazario_de_Lima
Ronaldo_Luis_Nazario_de_Lima_0002,Ronaldo_Luis_Nazario_de_Lima
Rosario_Dawson_0001,Rosario_Dawson
Rose_Linkins_0001,Rose_Linkins
Ross_Verba_0001,Ross_Verba
Rowan_Williams_0001,Rowan_Williams
Roy_Moore_0004,Roy_Moore
Roy_Moore_0005,Roy_Moore
Ruben_Sierra_0001,Ruben_Sierra
Ruben_Studdard_0001,Ruben_Studdard
Rubens_Barrichello_0007,Rubens_Barrichello
Rubens_Barrichello_0008,Rubens_Barrichello
Rudolph_Giuliani_0003,Rudolph_Giuliani
Rudolph_Giuliani_0004,Rudolph_Giuliani
Rudolph_Giuliani_0013,Rudolph_Giuliani
Rudolph_Giuliani_0014,Rudolph_Giuliani
Rudolph_Giuliani_0023,Rudolph_Giuliani
Rudolph_Giuliani_0024,Rudolph_Giuliani
Rupert_Murdoch_0001,Rupert_Murdoch
Rupert_Murdoch_0002,Rupert_Murdoch
Russell_Simmons_0004,Russell_Simmons
Russell_Simmons_0005,Russell_Simmons
Ruth_Stubbs_0001,Ruth_Stubbs
Ryan_Drese_0001,Ryan_Drese
Saburo_Kawabuchi_0001,Saburo_Kawabuchi
Saburo_Kawabuchi_0002,Saburo_Kawabuchi
Saddam_Hussein_0002,Saddam_Hussein
Saddam_Hussein_0003,Saddam_Hussein
Saddam_Hussein_0012,Saddam_Hussein
Saddam_Hussein_0013,Saddam_Hussein
Saddam_Hussein_0022,Saddam_Hussein
Saddam_Hussein_0023,Saddam_Hussein
Saied_Hadi_al_Mudarissi_0001,Saied_Hadi_al_Mudarissi
Sally_Clark_0001,Sally_Clark
Sally_Ride_0001,Sally_Ride
Sally_Ride_0002,Sally_Ride
Salma_Hayek_0009,Salma_Hayek
Salma_Hayek_0010,Salma_Hayek
Sam_Bith_0002,Sam_Bith
Sam_Bith_0003,Sam_Bith
Saman_Shali_0001,Saman_Shali
Samantha_Daniels_0001,Samantha_Daniels
Samuel_Waksal_0002,Samuel_Waksal
Samuel_Waksal_0003,Samuel_Waksal
Sandra_Ceccarelli_0001,Sandra_Ceccarelli
Sandra_Day_OConner_0001,Sandra_Day_OConner
Saoud_Al_Faisal_0001,Saoud_Al_Faisal
Saparmurat_Niyazov_0001,Saparmurat_Niyazov
Sarah_Hughes_0005,Sarah_Hughes
Sarah_Hughes_0006,Sarah_Hughes
Sarah_Michelle_Gellar_0003,Sarah_Michelle_Gellar
Sarah_Price_0001,Sarah_Price
Scott_Dickson_0001,Scott_Dickson
Scott_Fawell_0001,Scott_Fawell
Scott_McClellan_0005,Scott_McClellan
Scott_McNealy_0001,Scott_McNealy
Scott_Ritter_0002,Scott_Ritter
Scott_Rolen_0001,Scott_Rolen
Scott_Wolf_0001,Scott_Wolf
Scott_Wolf_0002,Scott_Wolf
Sean_OKeefe_0001,Sean_OKeefe
Sean_OKeefe_0002,Sean_OKeefe
Sean_Penn_0002,Sean_Penn
Sean_Penn_0003,Sean_Penn
Sebastien_Grosjean_0003,Sebastien_Grosjean
Sebastien_Grosjean_0004,Sebastien_Grosjean
Serena_Williams_0002,Serena_Williams
Serena_Williams_0003,Serena_Williams
Serena_Williams_0012,Serena_Williams
Serena_Williams_0013,Serena_Williams
Serena_Williams_0022,Serena_Williams
Serena_Williams_0023,Serena_Williams
Serena_Williams_0032,Serena_Williams
Serena_Williams_0033,Serena_Williams
Serena_Williams_0042,Serena_Williams
Serena_Williams_0043,Serena_Williams
Serena_Williams_0052,Serena_Williams
Sereyvuth_Kem_0001,Sereyvuth_Kem
Sergei_Ivanov_0005,Sergei_Ivanov
Sergei_Yastrzhembsky_0001,Sergei_Yastrzhembsky
Sergey_Lavrov_0008,Sergey_Lavrov
Sergey_Lavrov_0009,Sergey_Lavrov
Sergio_Vieira_De_Mello_0004,Sergio_Vieira_De_Mello
Sergio_Vieira_De_Mello_0005,Sergio_Vieira_De_Mello
Seydou_Diarra_0001,Seydou_Diarra
Seymour_Cassell_0001,Seymour_Cassell
Shane_Reynolds_0001,Shane_Reynolds
Shane_Warne_0001,Shane_Warne
Sharon_Davis_0002,Sharon_Davis
Sharon_Frey_0001,Sharon_Frey
Sharon_Stone_0004,Sharon_Stone
Sharon_Stone_0005,Sharon_Stone
Shawn_Bradley_0001,Shawn_Bradley
Shawn_Kemp_0001,Shawn_Kemp
Sheila_Taormina_0001,Sheila_Taormina
Sheila_Wellstone_0001,Sheila_Wellstone
Sheryl_Crow_0004,Sheryl_Crow
Sheryl_Crow_0005,Sheryl_Crow
Shimon_Peres_0001,Shimon_Peres
Shimon_Peres_0002,Shimon_Peres
Shinya_Taniguchi_0001,Shinya_Taniguchi
Shinzo_Abe_0001,Shinzo_Abe
Sigourney_Weaver_0001,Sigourney_Weaver
Sila_Calderon_0001,Sila_Calderon
Silvan_Shalom_0006,Silvan_Shalom
Silvia_Farina_Elia_0001,Silvia_Farina_Elia
Silvio_Berlusconi_0006,Silvio_Berlusconi
Silvio_Berlusconi_0007,Silvio_Berlusconi
Silvio_Berlusconi_0016,Silvio_Berlusconi
Silvio_Berlusconi_0017,Silvio_Berlusconi
Silvio_Berlusconi_0026,Silvio_Berlusconi
Silvio_Berlusconi_0027,Silvio_Berlusconi
Sim_Yong_0001,Sim_Yong
Simon_Chalk_0001,Simon_Chalk
Skip_Prosser_0001,Skip_Prosser
Slobodan_Milosevic_0001,Slobodan_Milosevic
Solomon_Passy_0001,Solomon_Passy
Sonia_Gandhi_0001,Sonia_Gandhi
Sophia_Loren_0002,Sophia_Loren
Sophia_Loren_0003,Sophia_Loren
Sourav_Ganguly_0004,Sourav_Ganguly
Sourav_Ganguly_0005,Sourav_Ganguly
Spencer_Abraham_0009,Spencer_Abraham
Spencer_Abraham_0010,Spencer_Abraham
Spike_Jonze_0001,Spike_Jonze
Spike_Lee_0001,Spike_Lee
Stan_Kasten_0001,Stan_Kasten
Stan_Kroenke_0001,Stan_Kroenke
Stefaan_Declerk_0001,Stefaan_Declerk
Stefan_Holm_0001,Stefan_Holm
Steffi_Graf_0001,Steffi_Graf
Steffi_Graf_0002,Steffi_Graf
Steny_Hoyer_0001,Steny_Hoyer
Stepan_Demirchian_0001,Stepan_Demirchian
Stephen_Ambrose_0002,Stephen_Ambrose
Stephen_Arigbabu_0001,Stephen_Arigbabu
Stephen_Friedman_0002,Stephen_Friedman
Stephen_Funk_0001,Stephen_Funk
Stephen_Webster_0001,Stephen_Webster
Sterling_Hitchcock_0001,Sterling_Hitchcock
Steve_Ballmer_0001,Steve_Ballmer
Steve_Ballmer_0002,Steve_Ballmer
Steve_Fehr_0001,Steve_Fehr
Steve_Karsay_0001,Steve_Karsay
Steve_Lenard_0001,Steve_Lenard
Steve_Mariucci_0001,Steve_Mariucci
Steve_Nesbitt_0001,Steve_Nesbitt
Steve_Pagliuca_0001,Steve_Pagliuca
Steve_Spurrier_0001,Steve_Spurrier
Steve_Spurrier_0002,Steve_Spurrier
Steven_Curtis_Chapman_0001,Steven_Curtis_Chapman
Steven_Feldman_0001,Steven_Feldman
Steven_Spielberg_0004,Steven_Spielberg
Steven_Spielberg_0005,Steven_Spielberg
Strom_Thurmond_0001,Strom_Thurmond
Strom_Thurmond_0002,Strom_Thurmond
Sue_Wicks_0001,Sue_Wicks
Sue_Wicks_0002,Sue_Wicks
Surakait_Sathirathai_0002,Surakait_Sathirathai
Sureyya_Ayhan_0001,Sureyya_Ayhan
Susan_Sarandon_0006,Susan_Sarandon
Susan_Walvius_0001,Susan_Walvius
Suzanne_Fox_0001,Suzanne_Fox
Suzanne_Gaudet_0001,Suzanne_Gaudet
Svend_Aage_Jensby_0001,Svend_Aage_Jensby
Svend_Robinson_0001,Svend_Robinson
Sylvester_Stallone_0001,Sylvester_Stallone
Sylvester_Stallone_0002,Sylvester_Stallone
Sylvie_Guillem_0001,Sylvie_Guillem
Szu_Yu_Chen_0001,Szu_Yu_Chen
Taha_Yassin_Ramadan_0004,Taha_Yassin_Ramadan
Taha_Yassin_Ramadan_0005,Taha_Yassin_Ramadan
Taha_Yassin_Ramadan_0014,Taha_Yassin_Ramadan
Taha_Yassin_Ramadan_0015,Taha_Yassin_Ramadan
Takeo_Hiranuma_0001,Takeo_Hiranuma
Takeshi_Kitano_0001,Takeshi_Kitano
Tamara_Mowry_0001,Tamara_Mowry
Tamara_Stokes_0001,Tamara_Stokes
Tang_Jiaxuan_0005,Tang_Jiaxuan
Tang_Jiaxuan_0006,Tang_Jiaxuan
Taoufik_Mathlouthi_0001,Taoufik_Mathlouthi
Tara_Dawn_Christensen_0001,Tara_Dawn_Christensen
Tariq_Aziz_0006,Tariq_Aziz
Tassos_Papadopoulos_0001,Tassos_Papadopoulos
Tatsuya_Fuji_0001,Tatsuya_Fuji
Tatyana_Tomashova_0001,Tatyana_Tomashova
Tayyeb_Abdel_Rahim_0001,Tayyeb_Abdel_Rahim
Ted_Christopher_0001,Ted_Christopher
Terence_Newman_0001,Terence_Newman
Teresa_Graves_0001,Teresa_Graves
Terrell_Suggs_0001,Terrell_Suggs
Terrell_Suggs_0002,Terrell_Suggs
Terry_McAuliffe_0002,Terry_McAuliffe
Terry_McAuliffe_0003,Terry_McAuliffe
Thabo_Mbeki_0002,Thabo_Mbeki
Thabo_Mbeki_0003,Thabo_Mbeki
Thaksin_Shinawatra_0006,Thaksin_Shinawatra
Thalia_0001,Thalia
Theresa_May_0001,Theresa_May
Theresa_May_0002,Theresa_May
Thomas_Bjorn_0002,Thomas_Bjorn
Thomas_Cloyd_0001,Thomas_Cloyd
Thomas_Franklin_0001,Thomas_Franklin
Thomas_Gottschalk_0001,Thomas_Gottschalk
Thomas_OBrien_0002,Thomas_OBrien
Thomas_OBrien_0003,Thomas_OBrien
Thomas_Rupprath_0003,Thomas_Rupprath
Thomas_Scavone_0001,Thomas_Scavone
Thor_Pedersen_0001,Thor_Pedersen
Tia_Mowry_0001,Tia_Mowry
Tiger_Woods_0005,Tiger_Woods
Tiger_Woods_0006,Tiger_Woods
Tiger_Woods_0015,Tiger_Woods
Tiger_Woods_0016,Tiger_Woods
Tim_Allen_0002,Tim_Allen
Tim_Allen_0003,Tim_Allen
Tim_Curry_0001,Tim_Curry
Tim_Curry_0002,Tim_Curry
Tim_Henman_0003,Tim_Henman
Tim_Henman_0004,Tim_Henman
Tim_Henman_0013,Tim_Henman
Tim_Henman_0014,Tim_Henman
Tim_Lopes_0001,Tim_Lopes
Tim_Matheson_0001,Tim_Matheson
Tim_Welsh_0001,Tim_Welsh
Timbul_Silaen_0001,Timbul_Silaen
Tina_Fey_0001,Tina_Fey
Tina_Pisnik_0001,Tina_Pisnik
Todd_Haynes_0001,Todd_Haynes
Todd_Haynes_0002,Todd_Haynes
Tom_Amstutz_0001,Tom_Amstutz
Tom_Brady_0001,Tom_Brady
Tom_Craddick_0003,Tom_Craddick
Tom_Craddick_0004,Tom_Craddick
Tom_Cruise_0004,Tom_Cruise
Tom_Cruise_0005,Tom_Cruise
Tom_Daschle_0003,Tom_Daschle
Tom_Daschle_0004,Tom_Daschle
Tom_Daschle_0013,Tom_Daschle
Tom_Daschle_0014,Tom_Daschle
Tom_Daschle_0023,Tom_Daschle
Tom_Daschle_0024,Tom_Daschle
Tom_Hanks_0003,Tom_Hanks
Tom_Hanks_0004,Tom_Hanks
Tom_Harkin_0002,Tom_Harkin
Tom_Harkin_0003,Tom_Harkin
Tom_McClintock_0001,Tom_McClintock
Tom_Miller_0001,Tom_Miller
Tom_Ridge_0002,Tom_Ridge
Tom_Ridge_0003,Tom_Ridge
Tom_Ridge_0012,Tom_Ridge
Tom_Ridge_0013,Tom_Ridge
Tom_Ridge_0022,Tom_Ridge
Tom_Ridge_0023,Tom_Ridge
Tom_Ridge_0032,Tom_Ridge
Tom_Ridge_0033,Tom_Ridge
Tom_Watson_0002,Tom_Watson
Tom_Watson_0003,Tom_Watson
Tommy_Franks_0005,Tommy_Franks
Tommy_Franks_0006,Tommy_Franks
Tommy_Franks_0015,Tommy_Franks
Tommy_Franks_0016,Tommy_Franks
Tommy_Maddox_0001,Tommy_Maddox
Tommy_Robredo_0001,Tommy_Robredo
Tommy_Thompson_0006,Tommy_Thompson
Tommy_Thompson_0007,Tommy_Thompson
Toni_Braxton_0001,Toni_Braxton
Toni_Braxton_0002,Toni_Braxton
Tony_Blair_0001,Tony_Blair
Tony_Blair_0002,Tony_Blair
Tony_Blair_0011,Tony_Blair
Tony_Blair_0012,Tony_Blair
Tony_Blair_0021,Tony_Blair
Tony_Blair_0022,Tony_Blair
Tony_Blair_0031,Tony_Blair
Tony_Blair_0032,Tony_Blair
Tony_Blair_0041,Tony_Blair
Tony_Blair_0042,Tony_Blair
Tony_Blair_0051,Tony_Blair
Tony_Blair_0052,Tony_Blair
Tony_Blair_0061,Tony_Blair
Tony_Blair_0062,Tony_Blair
Tony_Blair_0071,Tony_Blair
Tony_Blair_0072,Tony_Blair
Tony_Blair_0081,Tony_Blair
Tony_Blair_0082,Tony_Blair
Tony_Blair_0091,Tony_Blair
Tony_Blair_0092,Tony_Blair
Tony_Blair_0101,Tony_Blair
Tony_Blair_0102,Tony_Blair
Tony_Blair_0111,Tony_Blair
Tony_Blair_0112,Tony_Blair
Tony_Blair_0121,Tony_Blair
Tony_Blair_0122,Tony_Blair
Tony_Blair_0131,Tony_Blair
Tony_Blair_0132,Tony_Blair
Tony_Blair_0141,Tony_Blair
Tony_Blair_0142,Tony_Blair
Tony_LaRussa_0001,Tony_LaRussa
Tony_Parker_0001,Tony_Parker
Tony_Stewart_0004,Tony_Stewart
Tony_Stewart_0005,Tony_Stewart
Toshihiko_Fukui_0002,Toshihiko_Fukui
Toshihiko_Fukui_0003,Toshihiko_Fukui
Travis_Rudolph_0001,Travis_Rudolph
Trent_Lott_0001,Trent_Lott
Trent_Lott_0010,Trent_Lott
Trent_Lott_0011,Trent_Lott
Trista_Rehn_0001,Trista_Rehn
Tristan_Gretzky_0001,Tristan_Gretzky
Tubby_Smith_0001,Tubby_Smith
Tubby_Smith_0002,Tubby_Smith
Tung_Chee-hwa_0007,Tung_Chee-hwa
Tung_Chee-hwa_0008,Tung_Chee-hwa
Tyra_Banks_0002,Tyra_Banks
Tyron_Garner_0001,Tyron_Garner
Uri_Lopolianski_0001,Uri_Lopolianski
Urmila_Matondkar_0001,Urmila_Matondkar
Vaclav_Havel_0006,Vaclav_Havel
Vaclav_Havel_0007,Vaclav_Havel
Valdas_Adamkus_0001,Valdas_Adamkus
Valdas_Adamkus_0002,Valdas_Adamkus
Valeri_Bure_0001,Valeri_Bure
Valerie_Harper_0001,Valerie_Harper
Valorie_Brabazon_0001,Valorie_Brabazon
Van_Hilley_0001,Van_Hilley
Vanessa_Redgrave_0004,Vanessa_Redgrave
Vanessa_Redgrave_0005,Vanessa_Redgrave
Venus_Williams_0004,Venus_Williams
Venus_Williams_0005,Venus_Williams
Venus_Williams_0014,Venus_Williams
Venus_Williams_0015,Venus_Williams
Vicente_Fernandez_0004,Vicente_Fernandez
Vicente_Fernandez_0005,Vicente_Fernandez
Vicente_Fox_0009,Vicente_Fox
Vicente_Fox_0010,Vicente_Fox
Vicente_Fox_0019,Vicente_Fox
Vicente_Fox_0020,Vicente_Fox
Vicente_Fox_0029,Vicente_Fox
Vicente_Fox_0030,Vicente_Fox
Victoria_Beckham_0001,Victoria_Beckham
Victoria_Beckham_0002,Victoria_Beckham
Vijay_Nambiar_0001,Vijay_Nambiar
Viktor_Yushchenko_0001,Viktor_Yushchenko
Vince_Gill_0002,Vince_Gill
Vince_Vaughan_0001,Vince_Vaughan
Vincent_Gallo_0001,Vincent_Gallo
Vincent_Gallo_0002,Vincent_Gallo
Vitali_Klitschko_0003,Vitali_Klitschko
Vitali_Klitschko_0004,Vitali_Klitschko
Vladimir_Putin_0005,Vladimir_Putin
Vladimir_Putin_0006,Vladimir_Putin
Vladimir_Putin_0015,Vladimir_Putin
Vladimir_Putin_0016,Vladimir_Putin
Vladimir_Putin_0025,Vladimir_Putin
Vladimir_Putin_0026,Vladimir_Putin
Vladimir_Putin_0035,Vladimir_Putin
Vladimir_Putin_0036,Vladimir_Putin
Vladimir_Putin_0045,Vladimir_Putin
Vladimir_Putin_0046,Vladimir_Putin
Vladimir_Voltchkov_0002,Vladimir_Voltchkov
Vladimiro_Montesinos_0001,Vladimiro_Montesinos
Vojislav_Kostunica_0007,Vojislav_Kostunica
Vojislav_Seselj_0001,Vojislav_Seselj
Walter_Mondale_0002,Walter_Mondale
Walter_Mondale_0003,Walter_Mondale
Wan_Yanhai_0001,Wan_Yanhai
Wanda_de_la_Jesus_0001,Wanda_de_la_Jesus
Wang_Yingfan_0003,Wang_Yingfan
Ward_Cuff_0001,Ward_Cuff
Wayne_Brady_0001,Wayne_Brady
Wayne_Ferreira_0001,Wayne_Ferreira
Wayne_Newton_0001,Wayne_Newton
Wei_Wu_0001,Wei_Wu
Wen_Jiabao_0008,Wen_Jiabao
Wen_Jiabao_0009,Wen_Jiabao
Wes_Craven_0001,Wes_Craven
Wesley_Clark_0001,Wesley_Clark
Will_Smith_0001,Will_Smith
Will_Smith_0002,Will_Smith
William_Burns_0001,William_Burns
William_Burns_0002,William_Burns
William_Donaldson_0007,William_Donaldson
William_Ford_Jr_0001,William_Ford_Jr
William_Hochul_0001,William_Hochul
William_Hochul_0002,William_Hochul
William_Macy_0005,William_Macy
William_Martin_0001,William_Martin
William_Ragland_0001,William_Ragland
William_Rehnquist_0001,William_Rehnquist
Willis_Roberts_0001,Willis_Roberts
Wilma_McNabb_0001,Wilma_McNabb
Winona_Ryder_0002,Winona_Ryder
Winona_Ryder_0003,Winona_Ryder
Winona_Ryder_0012,Winona_Ryder
Winona_Ryder_0013,Winona_Ryder
Winona_Ryder_0022,Winona_Ryder
Winona_Ryder_0023,Winona_Ryder
Wolfgang_Schuessel_0004,Wolfgang_Schuessel
Wolfgang_Schwarz_0001,Wolfgang_Schwarz
Wu_Yi_0002,Wu_Yi
Wu_Yi_0003,Wu_Yi
Xavier_Malisse_0003,Xavier_Malisse
Xavier_Malisse_0004,Xavier_Malisse
Yang_Jianli_0001,Yang_Jianli
Yang_Pao-yu_0001,Yang_Pao-yu
Yao_Ming_0006,Yao_Ming
Yao_Ming_0007,Yao_Ming
Yashwant_Sinha_0003,Yashwant_Sinha
Yashwant_Sinha_0004,Yashwant_Sinha
Yasser_Arafat_0006,Yasser_Arafat
Yasser_Arafat_0007,Yasser_Arafat
Yingfan_Wang_0001,Yingfan_Wang
Yishan_Zhang_0001,Yishan_Zhang
Yolanda_King_0001,Yolanda_King
Yoo_Jay-Kun_0001,Yoo_Jay-Kun
Yoriko_Kawaguchi_0005,Yoriko_Kawaguchi
Yoriko_Kawaguchi_0006,Yoriko_Kawaguchi
Yory_Boy_Campas_0001,Yory_Boy_Campas
Yoshiyuki_Kamei_0001,Yoshiyuki_Kamei
Yukiko_Okudo_0002,Yukiko_Okudo
Yukio_Hatoyama_0001,Yukio_Hatoyama
Yves_Brodeur_0001,Yves_Brodeur
Zach_Parise_0001,Zach_Parise
Zara_Akhmadova_0001,Zara_Akhmadova
Zarai_Toledo_0001,Zarai_Toledo
Zhang_Yimou_0001,Zhang_Yimou
Zhang_Ziyi_0001,Zhang_Ziyi
Zhu_Rongji_0005,Zhu_Rongji
Zhu_Rongji_0006,Zhu_Rongji
Zinedine_Zidane_0003,Zinedine_Zidane
Zinedine_Zidane_0004,Zinedine_Zidane
Zorica_Radovic_0001,Zorica_Radovic
Zulfiqar_Ahmed_0001,Zulfiqar_Ahmed
